Workbook
Name _21_06_2024: Loans!$Z$3:$Z$5001
Name Ahmedabad: Loans!$Y$3:$Y$5001
Name Approved: Loans!$AC$3:$AC$5001
Name C200001_: Loans!$C$3:$C$5001
Name Female: Loans!$F$3:$F$5001
Name Gujarat: Loans!$X$3:$X$5001
Name L100001_: Loans!$A$3:$A$5001
Name L100002_: Loans!$C$3:$AE$3
Name L100003_: Loans!$C$4:$AE$4
Name L100004_: Loans!$C$5:$AE$5
Name L100005_: Loans!$C$6:$AE$6
Name L100006_: Loans!$C$7:$AE$7
Name L100007_: Loans!$C$8:$AE$8
Name L100008_: Loans!$C$9:$AE$9
Name L100009_: Loans!$C$10:$AE$10
Name L100010_: Loans!$C$11:$AE$11
Name L100011_: Loans!$C$12:$AE$12
Name L100012_: Loans!$C$13:$AE$13
Name L100013_: Loans!$C$14:$AE$14
Name L100014_: Loans!$C$15:$AE$15
Name L100015_: Loans!$C$16:$AE$16
Name L100016_: Loans!$C$17:$AE$17
Name L100017_: Loans!$C$18:$AE$18
Name L100018_: Loans!$C$19:$AE$19
Name L100019_: Loans!$C$20:$AE$20
Name L100020_: Loans!$C$21:$AE$21
Name L100021_: Loans!$C$22:$AE$22
Name L100022_: Loans!$C$23:$AE$23
Name L100023_: Loans!$C$24:$AE$24
Name L100024_: Loans!$C$25:$AE$25
Name L100025_: Loans!$C$26:$AE$26
Name L100026_: Loans!$C$27:$AE$27
Name L100027_: Loans!$C$28:$AE$28
Name L100028_: Loans!$C$29:$AE$29
Name L100029_: Loans!$C$30:$AE$30
Name L100030_: Loans!$C$31:$AE$31
Name L100031_: Loans!$C$32:$AE$32
Name L100032_: Loans!$C$33:$AE$33
Name L100033_: Loans!$C$34:$AE$34
Name L100034_: Loans!$C$35:$AE$35
Name L100035_: Loans!$C$36:$AE$36
Name L100036_: Loans!$C$37:$AE$37
Name L100037_: Loans!$C$38:$AE$38
Name L100038_: Loans!$C$39:$AE$39
Name L100039_: Loans!$C$40:$AE$40
Name L100040_: Loans!$C$41:$AE$41
Name L100041_: Loans!$C$42:$AE$42
Name L100042_: Loans!$C$43:$AE$43
Name L100043_: Loans!$C$44:$AE$44
Name L100044_: Loans!$C$45:$AE$45
Name L100045_: Loans!$C$46:$AE$46
Name L100046_: Loans!$C$47:$AE$47
Name L100047_: Loans!$C$48:$AE$48
Name L100048_: Loans!$C$49:$AE$49
Name L100049_: Loans!$C$50:$AE$50
Name L100050_: Loans!$C$51:$AE$51
Name L100051_: Loans!$C$52:$AE$52
Name L100052_: Loans!$C$53:$AE$53
Name L100053_: Loans!$C$54:$AE$54
Name L100054_: Loans!$C$55:$AE$55

Sheet KPI
A1: Count of Loan_ID | C1: Row Labels | D1: Count of Loan_Type
A2: 4919 | C2: Business | D2: 973 | J2: Total loan_application
A3: Sum of total_loan_amt | C3: Car | D3: 1021 | J3: =COUNTA(Table2[Loan_ID]) -> 5000
A4: 1.2955312e+10 | C4: Education | D4: 963
A5: Row Labels | B5: Count of Loan_ID | C5: Home | D5: 972 | J5: total loan amt
A6: Approved | B6: 2903 | C6: Personal | D6: 990 | J6: =SUM(Table2[total_loan_amt]) -> 1.3152814e+10
A7: Pending | B7: 997 | C7: Grand Total | D7: 4919
A8: Rejected | B8: 1019 | J8: total approved rate
A9: Grand Total | B9: 4919 | J9: =COUNTIF(Table2[Loan_Status],"approved")/COUNTA(Table2[Loan_ID]) -> 0.5892
J11: total rejected rate
J12: =COUNTA(Table2[Loan_Status],"Rejected")/COUNTA(Table2[Loan_ID]) -> 1.0002
A14: Average of total_loan_amt | J14: average loan amt
A15: 2633728.8 | J15: =AVERAGE(Table2[Loan_Amount]) -> 2449227.9
A17: Row Labels | B17: Average of Credit_Score | J17: Average credit score
A18: Valid | B18: 601.18881 | J18: =AVERAGE(Table2[Credit_Score]) -> 609.045
A19: Grand Total | B19: 601.18881

Sheet Bank Loan Analytics Dashboard
H1: Bank Loan Analytics Dashboard
A3: Total loan_application
A6: total loan amt
A9: total approved rate
A12: total rejected rate
A13: 1038
A15: average loan amt
A18: Average credit score

Sheet pivot tables
D1: Row Labels | E1: Count of Loan_ID | F1: Row Labels | G1: Sum of total_loan_amt | I1: Row Labels | J1: Count of Loan_ID
D2: Invalid | E2: 110 | F2: West | G2: 3.314602e+09 | I2: Approved | J2: 2903
D3: Valid | E3: 4809 | F3: East | G3: 3.2361251e+09 | I3: Pending | J3: 997
D4: Grand Total | E4: 4919 | F4: North | G4: 3.2161794e+09 | I4: Rejected | J4: 1019
F5: South | G5: 3.1884052e+09 | I5: Grand Total | J5: 4919
D6: Sum of Annual_Income | E6: Sum of Loan_Amount | F6: Grand Total | G6: 1.2955312e+10
D7: 6493829528 | E7: 12066518216
A9: Row Labels | B9: Max of Loan_Amount | D9: Row Labels | E9: Count of Loan_ID | G9: Row Labels | H9: Sum of total_loan_amt
A10: Education | B10: 4999426 | D10: No | E10: 2446 | G10: Delhi | H10: 1.9927068e+09
A11: Car | B11: 4997699 | D11: Yes | E11: 2473 | G11: Tamil Nadu | H11: 1.9468881e+09
A12: Home | B12: 4994995 | D12: Grand Total | E12: 4919 | G12: Maharashtra | H12: 1.9452285e+09
A13: Business | B13: 4992857 | G13: Rajasthan | H13: 1.8342915e+09
A14: Personal | B14: 4978015 | D14: Application month | E14: Count of Loan_ID | G14: Gujarat | H14: 1.825782e+09
A15: Grand Total | B15: 4999426 | D15: July | E15: 429 | G15: Karnataka | H15: 1.6958021e+09
D16: October | E16: 427 | G16: UP | H16: 1.686832e+09
D17: December | E17: 427 | G17: Rajasthan | H17: 27780664
D18: August | E18: 427 | G18: Grand Total | H18: 1.2955312e+10
D19: January | E19: 426
D20: September | E20: 413
D21: November | E21: 412
D22: March | E22: 399
D23: June | E23: 397
D24: May | E24: 395
D25: February | E25: 387
D26: April | E26: 380
D27: Grand Total | E27: 4919

Sheet pivot table 2
A1: Row Labels | B1: Sum of total_loan_amt | D1: Row Labels | E1: Count of Credit_Score | G1: Row Labels | H1: Sum of Credit_Score
A2: Business | B2: 1.6859913e+09 | D2: Business | E2: 638 | G2: Excellent | H2: 1533111
A3: Government | B3: 1.6745884e+09 | D3: Government | E3: 634 | G3: Poor | H3: 839
A4: Salaried | B4: 1.7054492e+09 | D4: Salaried | E4: 629 | G4: Grand Total | H4: 1533950
A5: Self-Employed | B5: 1.5931902e+09 | D5: Self-Employed | E5: 604
A6: Grand Total | B6: 6.6592192e+09 | D6: Grand Total | E6: 2505 | G6: Row Labels | H6: Count of Age
G7: 26 | H7: 66
D8: Row Labels | E8: Count of Marital_Status | G8: 58 | H8: 62
D9: Married | E9: 2505 | G9: 49 | H9: 62
D10: Grand Total | E10: 2505 | G10: 50 | H10: 61
G11: 37 | H11: 61
G12: 65 | H12: 58
D13: Row Labels | E13: Count of Education | G13: 40 | H13: 58
A14: Row Labels | B14: Count of Loan_ID | D14: Non-Graduate | E14: 1258 | G14: 43 | H14: 57
A15: Unique | B15: 2505 | D15: Graduate | E15: 1247 | G15: 19 | H15: 57
A16: Grand Total | B16: 2505 | D16: Grand Total | E16: 2505 | G16: 35 | H16: 57
G17: 39 | H17: 57
A18: Row Labels | B18: Count of Customer Name Status | G18: 23 | H18: 56
A19: Submitted | B19: 2505 | G19: 45 | H19: 56
A20: Grand Total | B20: 2505 | G20: 28 | H20: 56
A21: Row Labels | B21: Sum of total_loan_amt | G21: 36 | H21: 56
A22: New Delhi | B22: 1.0783796e+09 | G22: 44 | H22: 55
A23: Mumbai | B23: 1.0398587e+09 | G23: 20 | H23: 54
A24: Chennai | B24: 9.7809031e+08 | G24: 31 | H24: 54
A25: Bengaluru | B25: 9.2628998e+08 | G25: 24 | H25: 54
A26: Ahmedabad | B26: 9.1311091e+08 | G26: 42 | H26: 54
A27: Jaipur | B27: 8.7006336e+08 | G27: 57 | H27: 53
A28: Lucknow | B28: 8.5342642e+08 | G28: 47 | H28: 53
A29: Grand Total | B29: 6.6592192e+09 | G29: 32 | H29: 53
G30: 29 | H30: 52
G31: 61 | H31: 52
G32: 25 | H32: 52
G33: 54 | H33: 52
G34: 41 | H34: 52
G35: 38 | H35: 51
G36: 56 | H36: 51
G37: 18 | H37: 51
G38: 27 | H38: 50
G39: 63 | H39: 50
G40: 22 | H40: 50
G41: 30 | H41: 48
... G54: 46 | H54: 38
G55: Grand Total | H55: 2505

Sheet KPI2
A2: Count of Loan_ID | B2: Total | D2: Row Labels | E2: Count of Marital_Status
A3: Total | B3: 2505 | D3: Married | E3: 2505
D4: Grand Total | E4: 2505
A5: Row Labels | B5: Count of Valid&invalid credit score
A6: Invalid | B6: 53 | D6: Row Labels | E6: Count of Education
A7: Grand Total | B7: 53 | D7: Graduate | E7: 1247
D8: Non-Graduate | E8: 1258
D9: Grand Total | E9: 2505
A10: Row Labels | B10: Count of Valid&invalid credit score
A11: Valid | B11: 2452
A12: Grand Total | B12: 2452
D13: =$D$14 -> 1
D14: =GETPIVOTDATA("Valid&invalid credit score",$A$10,"Valid&invalid credit score","valid")/GETPIVOTDATA("Valid&invalid credit score",$A$10) -> 1

Sheet Customer Data Quality & Demogra
G2: #VALUE! | H2: Customer Insights & Data Quality Dashboard
B5: Total Record | E5: Invaild credit_score | I5: Data Quality Score | M5: Married customers | Q5: Graduate Percentage
B6: ='KPI2'!$B$3 -> 2505 | E6: ='KPI2'!$B$7 -> 53 | I6: ='KPI2'!$D$14 -> 1 | M6: ='KPI2'!$E$4 -> 2505 | Q6: ='KPI2'!$E$9 -> 2505

Sheet Loans
A1: Loan_ID | B1: Duplicate status | C1: Customer_ID | D1: Customer_Name | E1: Customer Name Status | F1: Gender | G1: Age | H1: Marital_Status | I1: Education | J1: Employment_Type | K1: Annual_Income | L1: income status | M1: Credit_Score | N1: Risk_level | O1: Credit_Score cetogery | P1: Loan Amount Status | Q1: Valid&invalid credit score | R1: Loan_Type | S1: Loan_Amount | T1: Interest_Rate | U1: Loan_Term_Months | V1: EMI | W1: total_loan_amt | X1: State | Y1: City | Z1: Application_Date | AA1: application year | AB1: Application month | AC1: Loan_Status | AD1: Default_Status | AE1: Branch
A2: L100001 | B2: =IF(COUNTIF($A$2:A2,A2)>1,"Duplicate","Unique") -> Unique | C2: C200001 | D2: Vikas Sharma | E2: =IF(C2="","Missing","Submitted") -> Submitted | F2: Female | G2: 29 | H2: Married | I2: Non-Graduate | J2: Salaried | K2: 543962 | L2: =IF(K2="","Missing","Submitted") -> Submitted | M2: 503 | N2: =IF(M2<600,"High_risk",IF(M2>=750,"medium_risk","low_risk")) -> High_risk | O2: =IF(J3<503,"Poor",IF(J3<=550,"Fair",IF(J3<=750,"Good","Excellent"))) -> Excellent | P2: =IF(S2="","Missing","Submitted") -> Submitted | Q2: =IF(AND(M2>=300,M2<=900),"Valid","Invalid") -> Valid | R2: Personal | S2: 541353 | T2: 7.87 | U2: 180 | V2: 3007.52 | W2: =PMT(T2/12,U2,-S2) -> 355037.34 | X2: Gujarat | Y2: Ahmedabad | Z2: 45464 | AA2: =TEXT(Table2[[#This Row],[Application_Date]],"yyy") -> 2024 | AB2: =TEXT(Table2[[#This Row],[Application_Date]],"mmmm") -> June | AC2: Approved | AD2: No | AE2: South
A3: L100002 | B3: =IF(COUNTIF($A$2:A3,A3)>1,"Duplicate","Unique") -> Unique | C3: C200002 | D3: Amit Sharma | E3: =IF(C3="","Missing","Submitted") -> Submitted | F3: Female | G3: 45 | H3: Single | I3: Non-Graduate | J3: Government | K3: 1588760 | L3: =IF(K3="","Missing","Submitted") -> Submitted | M3: 538 | N3: =IF(M3<600,"High_risk",IF(M3>=750,"medium_risk","low_risk")) -> High_risk | O3: =IF(J4<503,"Poor",IF(J4<=550,"Fair",IF(J4<=750,"Good","Excellent"))) -> Excellent | P3: =IF(S3="","Missing","Submitted") -> Submitted | Q3: =IF(AND(M3>=300,M3<=900),"Valid","Invalid") -> Valid | R3: Home | S3: 2682403 | T3: 8.24 | U3: 24 | V3: 111766.79 | W3: =PMT(T3/12,U3,-S3) -> 1841923.3 | X3: Delhi | Y3: New Delhi | Z3: 45465 | AA3: =TEXT(Table2[[#This Row],[Application_Date]],"yyy") -> 2024 | AB3: =TEXT(Table2[[#This Row],[Application_Date]],"mmmm") -> June | AC3: Pending | AD3: Yes | AE3: North
A4: L100003 | B4: =IF(COUNTIF($A$2:A4,A4)>1,"Duplicate","Unique") -> Unique | C4: C200003 | D4: Karan Rao | E4: =IF(C4="","Missing","Submitted") -> Submitted | F4: Male | G4: 41 | H4: Married | I4: Graduate | J4: Self-Employed | K4: 570200 | L4: =IF(K4="","Missing","Submitted") -> Submitted | M4: 705 | N4: =IF(M4<600,"High_risk",IF(M4>=750,"medium_risk","low_risk")) -> low_risk | O4: =IF(J5<503,"Poor",IF(J5<=550,"Fair",IF(J5<=750,"Good","Excellent"))) -> Excellent | P4: =IF(S4="","Missing","Submitted") -> Submitted | Q4: =IF(AND(M4>=300,M4<=900),"Valid","Invalid") -> Valid | R4: Home | S4: 2555459 | T4: 12.79 | U4: 60 | V4: 42590.98 | W4: =PMT(T4/12,U4,-S4) -> 2723693.4 | X4: Karnataka | Y4: Bengaluru | Z4: 45466 | AA4: =TEXT(Table2[[#This Row],[Application_Date]],"yyy") -> 2024 | AB4: =TEXT(Table2[[#This Row],[Application_Date]],"mmmm") -> June | AC4: Rejected | AD4: Yes | AE4: South | AJ4: =COUNTIF(AC2:AC5001,"approved")/COUNTA(A2:A5001) -> 0.5892
A5: L100004 | B5: =IF(COUNTIF($A$2:A5,A5)>1,"Duplicate","Unique") -> Unique | C5: C200004 | D5: Amit Verma | E5: =IF(C5="","Missing","Submitted") -> Submitted | F5: Female | G5: 27 | H5: Married | I5: Graduate | J5: Government | K5: 2479594 | L5: =IF(K5="","Missing","Submitted") -> Submitted | M5: 779 | N5: =IF(M5<600,"High_risk",IF(M5>=750,"medium_risk","low_risk")) -> medium_risk | O5: =IF(J6<503,"Poor",IF(J6<=550,"Fair",IF(J6<=750,"Good","Excellent"))) -> Excellent | P5: =IF(S5="","Missing","Submitted") -> Submitted | Q5: =IF(AND(M5>=300,M5<=900),"Valid","Invalid") -> Valid | R5: Education | S5: 2909690 | T5: 9.14 | U5: 180 | V5: 16164.94 | W5: =PMT(T5/12,U5,-S5) -> 2216213.9 | X5: Karnataka | Y5: Bengaluru | Z5: 45467 | AA5: =TEXT(Table2[[#This Row],[Application_Date]],"yyy") -> 2024 | AB5: =TEXT(Table2[[#This Row],[Application_Date]],"mmmm") -> June | AC5: Approved | AD5: No | AE5: North
A6: L100005 | B6: =IF(COUNTIF($A$2:A6,A6)>1,"Duplicate","Unique") -> Unique | C6: C200005 | D6: Pooja Singh | E6: =IF(C6="","Missing","Submitted") -> Submitted | F6: Female | G6: 39 | H6: Married | I6: Graduate | J6: Government | K6: 878508 | L6: =IF(K6="","Missing","Submitted") -> Submitted | M6: 499 | N6: =IF(M6<600,"High_risk",IF(M6>=750,"medium_risk","low_risk")) -> High_risk | O6: =IF(J7<503,"Poor",IF(J7<=550,"Fair",IF(J7<=750,"Good","Excellent"))) -> Excellent | P6: =IF(S6="","Missing","Submitted") -> Submitted | Q6: =IF(AND(M6>=300,M6<=900),"Valid","Invalid") -> Valid | R6: Education | S6: 2353555 | T6: 11.07 | U6: 24 | V6: 98064.79 | W6: =PMT(T6/12,U6,-S6) -> 2171154.8 | X6: Rajasthan | Y6: Jaipur | Z6: 45468 | AA6: =TEXT(Table2[[#This Row],[Application_Date]],"yyy") -> 2024 | AB6: =TEXT(Table2[[#This Row],[Application_Date]],"mmmm") -> June | AC6: Approved | AD6: Yes | AE6: West
A7: L100006 | B7: =IF(COUNTIF($A$2:A7,A7)>1,"Duplicate","Unique") -> Unique | C7: C200006 | D7: Rohit Patel | E7: =IF(C7="","Missing","Submitted") -> Submitted | F7: Female | G7: 56 | H7: Married | I7: Graduate | J7: Government | K7: 2149153 | L7: =IF(K7="","Missing","Submitted") -> Submitted | M7: 811 | N7: =IF(M7<600,"High_risk",IF(M7>=750,"medium_risk","low_risk")) -> medium_risk | O7: =IF(J8<503,"Poor",IF(J8<=550,"Fair",IF(J8<=750,"Good","Excellent"))) -> Excellent | P7: =IF(S7="","Missing","Submitted") -> Submitted | Q7: =IF(AND(M7>=300,M7<=900),"Valid","Invalid") -> Valid | R7: Home | S7: 3177522 | T7: 13.73 | U7: 12 | V7: 264793.5 | W7: =PMT(T7/12,U7,-S7) -> 3635999.8 | X7: Gujarat | Y7: Ahmedabad | Z7: 45469 | AA7: =TEXT(Table2[[#This Row],[Application_Date]],"yyy") -> 2024 | AB7: =TEXT(Table2[[#This Row],[Application_Date]],"mmmm") -> June | AC7: Approved | AD7: Yes | AE7: East
A8: L100007 | B8: =IF(COUNTIF($A$2:A8,A8)>1,"Duplicate","Unique") -> Unique | C8: C200007 | D8: Anjali Singh | E8: =IF(C8="","Missing","Submitted") -> Submitted | F8: Female | G8: 39 | H8: Single | I8: Graduate | J8: Business | K8: 1851665 | L8: =IF(K8="","Missing","Submitted") -> Submitted | M8: 382 | N8: =IF(M8<600,"High_risk",IF(M8>=750,"medium_risk","low_risk")) -> High_risk | O8: =IF(J9<503,"Poor",IF(J9<=550,"Fair",IF(J9<=750,"Good","Excellent"))) -> Excellent | P8: =IF(S8="","Missing","Submitted") -> Submitted | Q8: =IF(AND(M8>=300,M8<=900),"Valid","Invalid") -> Valid | R8: Education | S8: 4982726 | T8: 10.76 | U8: 60 | V8: 83045.43 | W8: =PMT(T8/12,U8,-S8) -> 4467844.3 | X8: Gujarat | Y8: Ahmedabad | Z8: 45470 | AA8: =TEXT(Table2[[#This Row],[Application_Date]],"yyy") -> 2024 | AB8: =TEXT(Table2[[#This Row],[Application_Date]],"mmmm") -> June | AC8: Pending | AD8: Yes | AE8: North
A9: L100008 | B9: =IF(COUNTIF($A$2:A9,A9)>1,"Duplicate","Unique") -> Unique | C9: C200008 | D9: Vikas Sharma | E9: =IF(C9="","Missing","Submitted") -> Submitted | F9: Female | G9: 27 | H9: Single | I9: Graduate | J9: Business | K9: 0 | L9: =IF(K9="","Missing","Submitted") -> Submitted | M9: 493 | N9: =IF(M9<600,"High_risk",IF(M9>=750,"medium_risk","low_risk")) -> High_risk | O9: =IF(J10<503,"Poor",IF(J10<=550,"Fair",IF(J10<=750,"Good","Excellent"))) -> Excellent | P9: =IF(S9="","Missing","Submitted") -> Submitted | Q9: =IF(AND(M9>=300,M9<=900),"Valid","Invalid") -> Valid | R9: Education | S9: 595443 | T9: 18.99 | U9: 36 | V9: 16540.08 | W9: =PMT(T9/12,U9,-S9) -> 942288.55 | X9: Karnataka | Y9: Bengaluru | Z9: 45471 | AA9: =TEXT(Table2[[#This Row],[Application_Date]],"yyy") -> 2024 | AB9: =TEXT(Table2[[#This Row],[Application_Date]],"mmmm") -> June | AC9: Rejected | AD9: Yes | AE9: West
A10: L100009 | B10: =IF(COUNTIF($A$2:A10,A10)>1,"Duplicate","Unique") -> Unique | C10: C200009 | D10: Priya Mehta | E10: =IF(C10="","Missing","Submitted") -> Submitted | F10: Female | G10: 54 | H10: Single | I10: Non-Graduate | J10: Self-Employed | K10: 1294948 | L10: =IF(K10="","Missing","Submitted") -> Submitted | M10: 386 | N10: =IF(M10<600,"High_risk",IF(M10>=750,"medium_risk","low_risk")) -> High_risk | O10: =IF(J11<503,"Poor",IF(J11<=550,"Fair",IF(J11<=750,"Good","Excellent"))) -> Excellent | P10: =IF(S10="","Missing","Submitted") -> Submitted | Q10: =IF(AND(M10>=300,M10<=900),"Valid","Invalid") -> Valid | R10: Education | S10: 415846 | T10: 15.08 | U10: 60 | V10: 6930.77 | W10: =PMT(T10/12,U10,-S10) -> 522579.81 | X10: Gujarat | Y10: Ahmedabad | Z10: 45472 | AA10: =TEXT(Table2[[#This Row],[Application_Date]],"yyy") -> 2024 | AB10: =TEXT(Table2[[#This Row],[Application_Date]],"mmmm") -> June | AC10: Rejected | AD10: No | AE10: West
A11: L100010 | B11: =IF(COUNTIF($A$2:A11,A11)>1,"Duplicate","Unique") -> Unique | C11: C200010 | D11: Priya Verma | E11: =IF(C11="","Missing","Submitted") -> Submitted | F11: Male | G11: 27 | H11: Single | I11: Non-Graduate | J11: Government | K11: 696488 | L11: =IF(K11="","Missing","Submitted") -> Submitted | M11: 650 | N11: =IF(M11<600,"High_risk",IF(M11>=750,"medium_risk","low_risk")) -> low_risk | O11: =IF(J12<503,"Poor",IF(J12<=550,"Fair",IF(J12<=750,"Good","Excellent"))) -> Excellent | P11: =IF(S11="","Missing","Submitted") -> Submitted | Q11: =IF(AND(M11>=300,M11<=900),"Valid","Invalid") -> Valid | R11: Education | S11: 4215189 | T11: 9.02 | U11: 36 | V11: 117088.58 | W11: =PMT(T11/12,U11,-S11) -> 3168417.1 | X11: Karnataka | Y11: Bengaluru | Z11: 45473 | AA11: =TEXT(Table2[[#This Row],[Application_Date]],"yyy") -> 2024 | AB11: =TEXT(Table2[[#This Row],[Application_Date]],"mmmm") -> June | AC11: Pending | AD11: Yes | AE11: South
A12: L100011 | B12: =IF(COUNTIF($A$2:A12,A12)>1,"Duplicate","Unique") -> Unique | C12: C200011 | D12: Priya Sharma | E12: =IF(C12="","Missing","Submitted") -> Submitted | F12: Male | G12: 38 | H12: Single | I12: Non-Graduate | J12: Business | K12: 1736558 | L12: =IF(K12="","Missing","Submitted") -> Submitted | M12: 359 | N12: =IF(M12<600,"High_risk",IF(M12>=750,"medium_risk","low_risk")) -> High_risk | O12: =IF(J13<503,"Poor",IF(J13<=550,"Fair",IF(J13<=750,"Good","Excellent"))) -> Excellent | P12: =IF(S12="","Missing","Submitted") -> Submitted | Q12: =IF(AND(M12>=300,M12<=900),"Valid","Invalid") -> Valid | R12: Car | S12: 2579162 | T12: 15.09 | U12: 36 | V12: 71643.39 | W12: =PMT(T12/12,U12,-S12) -> 3243296.2 | X12: Karnataka | Y12: Bengaluru | Z12: 45474 | AA12: =TEXT(Table2[[#This Row],[Application_Date]],"yyy") -> 2024 | AB12: =TEXT(Table2[[#This Row],[Application_Date]],"mmmm") -> July | AC12: Rejected | AD12: No | AE12: East
A13: L100012 | B13: =IF(COUNTIF($A$2:A13,A13)>1,"Duplicate","Unique") -> Unique | C13: C200012 | D13: 0 | E13: =IF(C13="","Missing","Submitted") -> Submitted | F13: Male | G13: 33 | H13: Single | I13: Graduate | J13: Self-Employed | K13: 1242862 | L13: =IF(K13="","Missing","Submitted") -> Submitted | M13: 306 | N13: =IF(M13<600,"High_risk",IF(M13>=750,"medium_risk","low_risk")) -> High_risk | O13: =IF(J14<503,"Poor",IF(J14<=550,"Fair",IF(J14<=750,"Good","Excellent"))) -> Excellent | P13: =IF(S13="","Missing","Submitted") -> Submitted | Q13: =IF(AND(M13>=300,M13<=900),"Valid","Invalid") -> Valid | R13: Business | S13: 2324907 | T13: 16.73 | U13: 36 | V13: 64580.75 | W13: =PMT(T13/12,U13,-S13) -> 3241307.8 | X13: Tamil Nadu | Y13: Chennai | Z13: 45475 | AA13: =TEXT(Table2[[#This Row],[Application_Date]],"yyy") -> 2024 | AB13: =TEXT(Table2[[#This Row],[Application_Date]],"mmmm") -> July | AC13: Approved | AD13: No | AE13: West
A14: L100013 | B14: =IF(COUNTIF($A$2:A14,A14)>1,"Duplicate","Unique") -> Unique | C14: C200013 | D14: Amit Gupta | E14: =IF(C14="","Missing","Submitted") -> Submitted | F14: Male | G14: 19 | H14: Married | I14: Non-Graduate | J14: Salaried | K14: 397582 | L14: =IF(K14="","Missing","Submitted") -> Submitted | M14: 472 | N14: =IF(M14<600,"High_risk",IF(M14>=750,"medium_risk","low_risk")) -> High_risk | O14: =IF(J15<503,"Poor",IF(J15<=550,"Fair",IF(J15<=750,"Good","Excellent"))) -> Excellent | P14: =IF(S14="","Missing","Submitted") -> Submitted | Q14: =IF(AND(M14>=300,M14<=900),"Valid","Invalid") -> Valid | R14: Personal | S14: 3727101 | T14: 7.83 | U14: 60 | V14: 62118.35 | W14: =PMT(T14/12,U14,-S14) -> 2431933.4 | X14: Karnataka | Y14: Bengaluru | Z14: 45476 | AA14: =TEXT(Table2[[#This Row],[Application_Date]],"yyy") -> 2024 | AB14: =TEXT(Table2[[#This Row],[Application_Date]],"mmmm") -> July | AC14: Rejected | AD14: No | AE14: North
A15: L100014 | B15: =IF(COUNTIF($A$2:A15,A15)>1,"Duplicate","Unique") -> Unique | C15: C200014 | D15: Priya Verma | E15: =IF(C15="","Missing","Submitted") -> Submitted | F15: Female | G15: 48 | H15: Single | I15: Graduate | J15: Business | K15: 805721 | L15: =IF(K15="","Missing","Submitted") -> Submitted | M15: 681 | N15: =IF(M15<600,"High_risk",IF(M15>=750,"medium_risk","low_risk")) -> low_risk | O15: =IF(J16<503,"Poor",IF(J16<=550,"Fair",IF(J16<=750,"Good","Excellent"))) -> Excellent | P15: =IF(S15="","Missing","Submitted") -> Submitted | Q15: =IF(AND(M15>=300,M15<=900),"Valid","Invalid") -> Valid | R15: Home | S15: 2156689 | T15: 10.67 | U15: 120 | V15: 17972.41 | W15: =PMT(T15/12,U15,-S15) -> 1917656 | X15: Karnataka | Y15: Bengaluru | Z15: 45477 | AA15: =TEXT(Table2[[#This Row],[Application_Date]],"yyy") -> 2024 | AB15: =TEXT(Table2[[#This Row],[Application_Date]],"mmmm") -> July | AC15: Approved | AD15: No | AE15: East
A16: L100015 | B16: =IF(COUNTIF($A$2:A16,A16)>1,"Duplicate","Unique") -> Unique | C16: C200015 | D16: Karan Mehta | E16: =IF(C16="","Missing","Submitted") -> Submitted | F16: Female | G16: 43 | H16: Married | I16: Non-Graduate | J16: Government | K16: 1901274 | L16: =IF(K16="","Missing","Submitted") -> Submitted | M16: 543 | N16: =IF(M16<600,"High_risk",IF(M16>=750,"medium_risk","low_risk")) -> High_risk | O16: =IF(J17<503,"Poor",IF(J17<=550,"Fair",IF(J17<=750,"Good","Excellent"))) -> Excellent | P16: =IF(S16="","Missing","Submitted") -> Submitted | Q16: =IF(AND(M16>=300,M16<=900),"Valid","Invalid") -> Valid | R16: Business | S16: 3081251 | T16: 7.24 | U16: 24 | V16: 128385.46 | W16: =PMT(T16/12,U16,-S16) -> 1859043.8 | X16: UP | Y16: Lucknow | Z16: 45478 | AA16: =TEXT(Table2[[#This Row],[Application_Date]],"yyy") -> 2024 | AB16: =TEXT(Table2[[#This Row],[Application_Date]],"mmmm") -> July | AC16: Pending | AD16: No | AE16: West
A17: L100016 | B17: =IF(COUNTIF($A$2:A17,A17)>1,"Duplicate","Unique") -> Unique | C17: C200016 | D17: Rohit Verma | E17: =IF(C17="","Missing","Submitted") -> Submitted | F17: Male | G17: 62 | H17: Married | I17: Graduate | J17: Government | K17: 1697572 | L17: =IF(K17="","Missing","Submitted") -> Submitted | M17: 559 | N17: =IF(M17<600,"High_risk",IF(M17>=750,"medium_risk","low_risk")) -> High_risk | O17: =IF(J18<503,"Poor",IF(J18<=550,"Fair",IF(J18<=750,"Good","Excellent"))) -> Excellent | P17: =IF(S17="","Missing","Submitted") -> Submitted | Q17: =IF(AND(M17>=300,M17<=900),"Valid","Invalid") -> Valid | R17: Business | S17: 141450 | T17: 17.38 | U17: 120 | V17: 1178.75 | W17: =PMT(T17/12,U17,-S17) -> 204866.75 | X17: Rajasthan | Y17: Jaipur | Z17: 45479 | AA17: =TEXT(Table2[[#This Row],[Application_Date]],"yyy") -> 2024 | AB17: =TEXT(Table2[[#This Row],[Application_Date]],"mmmm") -> July | AC17: Rejected | AD17: Yes | AE17: South
A18: L100017 | B18: =IF(COUNTIF($A$2:A18,A18)>1,"Duplicate","Unique") -> Unique | C18: C200017 | D18: Karan Gupta | E18: =IF(C18="","Missing","Submitted") -> Submitted | F18: Female | G18: 60 | H18: Married | I18: Graduate | J18: Business | K18: 1213000 | L18: =IF(K18="","Missing","Submitted") -> Submitted | M18: 873 | N18: =IF(M18<600,"High_risk",IF(M18>=750,"medium_risk","low_risk")) -> medium_risk | O18: =IF(J19<503,"Poor",IF(J19<=550,"Fair",IF(J19<=750,"Good","Excellent"))) -> Excellent | P18: =IF(S18="","Missing","Submitted") -> Submitted | Q18: =IF(AND(M18>=300,M18<=900),"Valid","Invalid") -> Valid | R18: Education | S18: 1208080 | T18: 18.64 | U18: 180 | V18: 6711.56 | W18: =PMT(T18/12,U18,-S18) -> 1876550.9 | X18: Delhi | Y18: New Delhi | Z18: 45480 | AA18: =TEXT(Table2[[#This Row],[Application_Date]],"yyy") -> 2024 | AB18: =TEXT(Table2[[#This Row],[Application_Date]],"mmmm") -> July | AC18: Pending | AD18: Yes | AE18: South
A19: L100018 | B19: =IF(COUNTIF($A$2:A19,A19)>1,"Duplicate","Unique") -> Unique | C19: C200018 | D19: Vikas Sharma | E19: =IF(C19="","Missing","Submitted") -> Submitted | F19: Female | G19: 40 | H19: Married | I19: Non-Graduate | J19: Self-Employed | K19: 1551295 | L19: =IF(K19="","Missing","Submitted") -> Submitted | M19: 539 | N19: =IF(M19<600,"High_risk",IF(M19>=750,"medium_risk","low_risk")) -> High_risk | O19: =IF(J20<503,"Poor",IF(J20<=550,"Fair",IF(J20<=750,"Good","Excellent"))) -> Excellent | P19: =IF(S19="","Missing","Submitted") -> Submitted | Q19: =IF(AND(M19>=300,M19<=900),"Valid","Invalid") -> Valid | R19: Personal | S19: 2922324 | T19: 11.19 | U19: 36 | V19: 81175.67 | W19: =PMT(T19/12,U19,-S19) -> 2725067.1 | X19: Maharashtra | Y19: Mumbai | Z19: 45481 | AA19: =TEXT(Table2[[#This Row],[Application_Date]],"yyy") -> 2024 | AB19: =TEXT(Table2[[#This Row],[Application_Date]],"mmmm") -> July | AC19: Approved | AD19: No | AE19: South
A20: L100019 | B20: =IF(COUNTIF($A$2:A20,A20)>1,"Duplicate","Unique") -> Unique | C20: C200019 | D20: Vikas Mehta | E20: =IF(C20="","Missing","Submitted") -> Submitted | F20: Male | G20: 23 | H20: Single | I20: Non-Graduate | J20: Government | K20: 367239 | L20: =IF(K20="","Missing","Submitted") -> Submitted | M20: 317 | N20: =IF(M20<600,"High_risk",IF(M20>=750,"medium_risk","low_risk")) -> High_risk | O20: =IF(J21<503,"Poor",IF(J21<=550,"Fair",IF(J21<=750,"Good","Excellent"))) -> Excellent | P20: =IF(S20="","Missing","Submitted") -> Submitted | Q20: =IF(AND(M20>=300,M20<=900),"Valid","Invalid") -> Valid | R20: Business | S20: 1780928 | T20: 12.2 | U20: 60 | V20: 29682.13 | W20: =PMT(T20/12,U20,-S20) -> 1810610.1 | X20: Maharashtra | Y20: Mumbai | Z20: 45482 | AA20: =TEXT(Table2[[#This Row],[Application_Date]],"yyy") -> 2024 | AB20: =TEXT(Table2[[#This Row],[Application_Date]],"mmmm") -> July | AC20: Pending | AD20: No | AE20: East
A21: L100020 | B21: =IF(COUNTIF($A$2:A21,A21)>1,"Duplicate","Unique") -> Unique | C21: C200020 | D21: Neha Patel | E21: =IF(C21="","Missing","Submitted") -> Submitted | F21: Male | G21: 30 | H21: Married | I21: Non-Graduate | J21: Business | K21: 346667 | L21: =IF(K21="","Missing","Submitted") -> Submitted | M21: 588 | N21: =IF(M21<600,"High_risk",IF(M21>=750,"medium_risk","low_risk")) -> High_risk | O21: =IF(J22<503,"Poor",IF(J22<=550,"Fair",IF(J22<=750,"Good","Excellent"))) -> Excellent | P21: =IF(S21="","Missing","Submitted") -> Submitted | Q21: =IF(AND(M21>=300,M21<=900),"Valid","Invalid") -> Valid | R21: Home | S21: 3794465 | T21: 12.72 | U21: 12 | V21: 316205.42 | W21: =PMT(T21/12,U21,-S21) -> 4022821.7 | X21: UP | Y21: Lucknow | Z21: 45483 | AA21: =TEXT(Table2[[#This Row],[Application_Date]],"yyy") -> 2024 | AB21: =TEXT(Table2[[#This Row],[Application_Date]],"mmmm") -> July | AC21: Pending | AD21: No | AE21: North
A22: L100021 | B22: =IF(COUNTIF($A$2:A22,A22)>1,"Duplicate","Unique") -> Unique | C22: C200021 | D22: Rahul Das | E22: =IF(C22="","Missing","Submitted") -> Submitted | F22: Female | G22: 27 | H22: Married | I22: Graduate | J22: Business | K22: 1126432 | L22: =IF(K22="","Missing","Submitted") -> Submitted | M22: 538 | N22: =IF(M22<600,"High_risk",IF(M22>=750,"medium_risk","low_risk")) -> High_risk | O22: =IF(J23<503,"Poor",IF(J23<=550,"Fair",IF(J23<=750,"Good","Excellent"))) -> Excellent | P22: =IF(S22="","Missing","Submitted") -> Submitted | Q22: =IF(AND(M22>=300,M22<=900),"Valid","Invalid") -> Valid | R22: Education | S22: 729043 | T22: 18.8 | U22: 36 | V22: 20251.19 | W22: =PMT(T22/12,U22,-S22) -> 1142167.4 | X22: Maharashtra | Y22: Mumbai | Z22: 45484 | AA22: =TEXT(Table2[[#This Row],[Application_Date]],"yyy") -> 2024 | AB22: =TEXT(Table2[[#This Row],[Application_Date]],"mmmm") -> July | AC22: Approved | AD22: Yes | AE22: West
A23: L100022 | B23: =IF(COUNTIF($A$2:A23,A23)>1,"Duplicate","Unique") -> Unique | C23: C200022 | D23: Pooja Rao | E23: =IF(C23="","Missing","Submitted") -> Submitted | F23: Female | G23: 49 | H23: Single | I23: Graduate | J23: Government | K23: 279137 | L23: =IF(K23="","Missing","Submitted") -> Submitted | M23: 552 | N23: =IF(M23<600,"High_risk",IF(M23>=750,"medium_risk","low_risk")) -> High_risk | O23: =IF(J24<503,"Poor",IF(J24<=550,"Fair",IF(J24<=750,"Good","Excellent"))) -> Excellent | P23: =IF(S23="","Missing","Submitted") -> Submitted | Q23: =IF(AND(M23>=300,M23<=900),"Valid","Invalid") -> Valid | R23: Car | S23: 1018554 | T23: 8.77 | U23: 180 | V23: 5658.63 | W23: =PMT(T23/12,U23,-S23) -> 744393.21 | X23: Gujarat | Y23: Ahmedabad | Z23: 45485 | AA23: =TEXT(Table2[[#This Row],[Application_Date]],"yyy") -> 2024 | AB23: =TEXT(Table2[[#This Row],[Application_Date]],"mmmm") -> July | AC23: Pending | AD23: Yes | AE23: West
A24: L100023 | B24: =IF(COUNTIF($A$2:A24,A24)>1,"Duplicate","Unique") -> Unique | C24: C200023 | D24: Rohit Singh | E24: =IF(C24="","Missing","Submitted") -> Submitted | F24: Male | G24: 27 | H24: Single | I24: Graduate | J24: Self-Employed | K24: 869257 | L24: =IF(K24="","Missing","Submitted") -> Submitted | M24: 669 | N24: =IF(M24<600,"High_risk",IF(M24>=750,"medium_risk","low_risk")) -> low_risk | O24: =IF(J25<503,"Poor",IF(J25<=550,"Fair",IF(J25<=750,"Good","Excellent"))) -> Excellent | P24: =IF(S24="","Missing","Submitted") -> Submitted | Q24: =IF(AND(M24>=300,M24<=900),"Valid","Invalid") -> Valid | R24: Business | S24: 761014 | T24: 9.39 | U24: 24 | V24: 31708.92 | W24: =PMT(T24/12,U24,-S24) -> 595494.02 | X24: Tamil Nadu | Y24: Chennai | Z24: 45486 | AA24: =TEXT(Table2[[#This Row],[Application_Date]],"yyy") -> 2024 | AB24: =TEXT(Table2[[#This Row],[Application_Date]],"mmmm") -> July | AC24: Rejected | AD24: Yes | AE24: East
A25: L100024 | B25: =IF(COUNTIF($A$2:A25,A25)>1,"Duplicate","Unique") -> Unique | C25: C200024 | D25: Amit Rao | E25: =IF(C25="","Missing","Submitted") -> Submitted | F25: Female | G25: 29 | H25: Married | I25: Graduate | J25: Business | K25: 2462493 | L25: =IF(K25="","Missing","Submitted") -> Submitted | M25: 389 | N25: =IF(M25<600,"High_risk",IF(M25>=750,"medium_risk","low_risk")) -> High_risk | O25: =IF(J26<503,"Poor",IF(J26<=550,"Fair",IF(J26<=750,"Good","Excellent"))) -> Excellent | P25: =IF(S25="","Missing","Submitted") -> Submitted | Q25: =IF(AND(M25>=300,M25<=900),"Valid","Invalid") -> Valid | R25: Personal | S25: 4207835 | T25: 15.6 | U25: 120 | V25: 35065.29 | W25: =PMT(T25/12,U25,-S25) -> 5470185.5 | X25: UP | Y25: Lucknow | Z25: 45487 | AA25: =TEXT(Table2[[#This Row],[Application_Date]],"yyy") -> 2024 | AB25: =TEXT(Table2[[#This Row],[Application_Date]],"mmmm") -> July | AC25: Pending | AD25: No | AE25: South
... A80: L100079 | B80: =IF(COUNTIF($A$2:A80,A80)>1,"Duplicate","Unique") -> Unique | C80: C200079 | D80: Karan Gupta | E80: =IF(C80="","Missing","Submitted") -> Submitted | F80: Female | G80: 27 | H80: Married | I80: Graduate | J80: Salaried | K80: 607040 | L80: =IF(K80="","Missing","Submitted") -> Submitted | M80: 893 | N80: =IF(M80<600,"High_risk",IF(M80>=750,"medium_risk","low_risk")) -> medium_risk | O80: =IF(J81<503,"Poor",IF(J81<=550,"Fair",IF(J81<=750,"Good","Excellent"))) -> Excellent | P80: =IF(S80="","Missing","Submitted") -> Submitted | Q80: =IF(AND(M80>=300,M80<=900),"Valid","Invalid") -> Valid | R80: Education | S80: 598985 | T80: 7.33 | U80: 24 | V80: 24957.71 | W80: =PMT(T80/12,U80,-S80) -> 365883.93 | X80: Karnataka | Y80: Bengaluru | Z80: 45542 | AA80: =TEXT(Table2[[#This Row],[Application_Date]],"yyy") -> 2024 | AB80: =TEXT(Table2[[#This Row],[Application_Date]],"mmmm") -> September | AC80: Pending | AD80: Yes | AE80: North
A81: L100080 | B81: =IF(COUNTIF($A$2:A81,A81)>1,"Duplicate","Unique") -> Unique | C81: C200080 | D81: Sneha Verma | E81: =IF(C81="","Missing","Submitted") -> Submitted | F81: Male | G81: 50 | H81: Single | I81: Non-Graduate | J81: Self-Employed | K81: 1206795 | L81: =IF(K81="","Missing","Submitted") -> Submitted | M81: 400 | N81: =IF(M81<600,"High_risk",IF(M81>=750,"medium_risk","low_risk")) -> High_risk | O81: =IF(J82<503,"Poor",IF(J82<=550,"Fair",IF(J82<=750,"Good","Excellent"))) -> Excellent | P81: =IF(S81="","Missing","Submitted") -> Submitted | Q81: =IF(AND(M81>=300,M81<=900),"Valid","Invalid") -> Valid | R81: Education | S81: 0 | T81: 14.8 | U81: 120 | V81: 2083.33 | W81: 0 | X81: Rajasthan | Y81: Jaipur | Z81: 45543 | AA81: =TEXT(Table2[[#This Row],[Application_Date]],"yyy") -> 2024 | AB81: =TEXT(Table2[[#This Row],[Application_Date]],"mmmm") -> September | AC81: Rejected | AD81: Yes | AE81: North
A82: L100081 | B82: =IF(COUNTIF($A$2:A82,A82)>1,"Duplicate","Unique") -> Unique | C82: C200081 | D82: 0 | E82: =IF(C82="","Missing","Submitted") -> Submitted | F82: Male | G82: 41 | H82: Married | I82: Non-Graduate | J82: Salaried | K82: 2292556 | L82: =IF(K82="","Missing","Submitted") -> Submitted | M82: 788 | N82: =IF(M82<600,"High_risk",IF(M82>=750,"medium_risk","low_risk")) -> medium_risk | O82: =IF(J83<503,"Poor",IF(J83<=550,"Fair",IF(J83<=750,"Good","Excellent"))) -> Excellent | P82: =IF(S82="","Missing","Submitted") -> Submitted | Q82: =IF(AND(M82>=300,M82<=900),"Valid","Invalid") -> Valid | R82: Home | S82: 1620729 | T82: 7.79 | U82: 60 | V82: 27012.15 | W82: =PMT(T82/12,U82,-S82) -> 1052123.2 | X82: Delhi | Y82: New Delhi | Z82: 45544 | AA82: =TEXT(Table2[[#This Row],[Application_Date]],"yyy") -> 2024 | AB82: =TEXT(Table2[[#This Row],[Application_Date]],"mmmm") -> September | AC82: Pending | AD82: No | AE82: South
A83: L100082 | B83: =IF(COUNTIF($A$2:A83,A83)>1,"Duplicate","Unique") -> Unique | C83: C200082 | D83: Amit Gupta | E83: =IF(C83="","Missing","Submitted") -> Submitted | F83: Male | G83: 21 | H83: Single | I83: Non-Graduate | J83: Government | K83: 1588219 | L83: =IF(K83="","Missing","Submitted") -> Submitted | M83: 330 | N83: =IF(M83<600,"High_risk",IF(M83>=750,"medium_risk","low_risk")) -> High_risk | O83: =IF(J84<503,"Poor",IF(J84<=550,"Fair",IF(J84<=750,"Good","Excellent"))) -> Excellent | P83: =IF(S83="","Missing","Submitted") -> Submitted | Q83: =IF(AND(M83>=300,M83<=900),"Valid","Invalid") -> Valid | R83: Business | S83: 2701587 | T83: 8.77 | U83: 36 | V83: 75044.08 | W83: =PMT(T83/12,U83,-S83) -> 1974409.8 | X83: Gujarat | Y83: Ahmedabad | Z83: 45545 | AA83: =TEXT(Table2[[#This Row],[Application_Date]],"yyy") -> 2024 | AB83: =TEXT(Table2[[#This Row],[Application_Date]],"mmmm") -> September | AC83: Approved | AD83: No | AE83: South
A84: L100083 | B84: =IF(COUNTIF($A$2:A84,A84)>1,"Duplicate","Unique") -> Unique | C84: C200083 | D84: Rohit Verma | E84: =IF(C84="","Missing","Submitted") -> Submitted | F84: Female | G84: 47 | H84: Single | I84: Non-Graduate | J84: Self-Employed | K84: 2384219 | L84: =IF(K84="","Missing","Submitted") -> Submitted | M84: 454 | N84: =IF(M84<600,"High_risk",IF(M84>=750,"medium_risk","low_risk")) -> High_risk | O84: =IF(J85<503,"Poor",IF(J85<=550,"Fair",IF(J85<=750,"Good","Excellent"))) -> Excellent | P84: =IF(S84="","Missing","Submitted") -> Submitted | Q84: =IF(AND(M84>=300,M84<=900),"Valid","Invalid") -> Valid | R84: Personal | S84: 3231120 | T84: 10.69 | U84: 180 | V84: 17950.67 | W84: =PMT(T84/12,U84,-S84) -> 2878389.4 | X84: Tamil Nadu | Y84: Chennai | Z84: 45546 | AA84: =TEXT(Table2[[#This Row],[Application_Date]],"yyy") -> 2024 | AB84: =TEXT(Table2[[#This Row],[Application_Date]],"mmmm") -> September | AC84: Pending | AD84: No | AE84: West
A85: L100084 | B85: =IF(COUNTIF($A$2:A85,A85)>1,"Duplicate","Unique") -> Unique | C85: C200084 | D85: Sneha Mehta | E85: =IF(C85="","Missing","Submitted") -> Submitted | F85: Male | G85: 32 | H85: Married | I85: Non-Graduate | J85: Government | K85: 347913 | L85: =IF(K85="","Missing","Submitted") -> Submitted | M85: 805 | N85: =IF(M85<600,"High_risk",IF(M85>=750,"medium_risk","low_risk")) -> medium_risk | O85: =IF(J86<503,"Poor",IF(J86<=550,"Fair",IF(J86<=750,"Good","Excellent"))) -> Excellent | P85: =IF(S85="","Missing","Submitted") -> Submitted | Q85: =IF(AND(M85>=300,M85<=900),"Valid","Invalid") -> Valid | R85: Car | S85: 1193879 | T85: 11.69 | U85: 120 | V85: 9948.99 | W85: =PMT(T85/12,U85,-S85) -> 1163037.1 | X85: Karnataka | Y85: Bengaluru | Z85: 45547 | AA85: =TEXT(Table2[[#This Row],[Application_Date]],"yyy") -> 2024 | AB85: =TEXT(Table2[[#This Row],[Application_Date]],"mmmm") -> September | AC85: Approved | AD85: Yes | AE85: North
A86: L100085 | B86: =IF(COUNTIF($A$2:A86,A86)>1,"Duplicate","Unique") -> Unique | C86: C200085 | D86: Amit Sharma | E86: =IF(C86="","Missing","Submitted") -> Submitted | F86: Female | G86: 50 | H86: Single | I86: Graduate | J86: Self-Employed | K86: 718717 | L86: =IF(K86="","Missing","Submitted") -> Submitted | M86: 821 | N86: =IF(M86<600,"High_risk",IF(M86>=750,"medium_risk","low_risk")) -> medium_risk | O86: =IF(J87<503,"Poor",IF(J87<=550,"Fair",IF(J87<=750,"Good","Excellent"))) -> Excellent | P86: =IF(S86="","Missing","Submitted") -> Submitted | Q86: =IF(AND(M86>=300,M86<=900),"Valid","Invalid") -> Valid | R86: Personal | S86: 1111283 | T86: 7.46 | U86: 120 | V86: 9260.69 | W86: =PMT(T86/12,U86,-S86) -> 690847.6 | X86: Karnataka | Y86: Bengaluru | Z86: 45548 | AA86: =TEXT(Table2[[#This Row],[Application_Date]],"yyy") -> 2024 | AB86: =TEXT(Table2[[#This Row],[Application_Date]],"mmmm") -> September | AC86: Approved | AD86: No | AE86: West
A87: L100086 | B87: =IF(COUNTIF($A$2:A87,A87)>1,"Duplicate","Unique") -> Unique | C87: C200086 | D87: Sneha Singh | E87: =IF(C87="","Missing","Submitted") -> Submitted | F87: Female | G87: 37 | H87: Married | I87: Graduate | J87: Self-Employed | K87: 1127775 | L87: =IF(K87="","Missing","Submitted") -> Submitted | M87: 460 | N87: =IF(M87<600,"High_risk",IF(M87>=750,"medium_risk","low_risk")) -> High_risk | O87: =IF(J88<503,"Poor",IF(J88<=550,"Fair",IF(J88<=750,"Good","Excellent"))) -> Excellent | P87: =IF(S87="","Missing","Submitted") -> Submitted | Q87: =IF(AND(M87>=300,M87<=900),"Valid","Invalid") -> Valid | R87: Car | S87: 4346593 | T87: 18.19 | U87: 180 | V87: 24147.74 | W87: =PMT(T87/12,U87,-S87) -> 6588710.6 | X87: Maharashtra | Y87: Mumbai | Z87: 45549 | AA87: =TEXT(Table2[[#This Row],[Application_Date]],"yyy") -> 2024 | AB87: =TEXT(Table2[[#This Row],[Application_Date]],"mmmm") -> September | AC87: Rejected | AD87: No | AE87: West
A88: L100087 | B88: =IF(COUNTIF($A$2:A88,A88)>1,"Duplicate","Unique") -> Unique | C88: C200087 | D88: Amit Sharma | E88: =IF(C88="","Missing","Submitted") -> Submitted | F88: Male | G88: 53 | H88: Single | I88: Non-Graduate | J88: Government | K88: 2488256 | L88: =IF(K88="","Missing","Submitted") -> Submitted | M88: 412 | N88: =IF(M88<600,"High_risk",IF(M88>=750,"medium_risk","low_risk")) -> High_risk | O88: =IF(J89<503,"Poor",IF(J89<=550,"Fair",IF(J89<=750,"Good","Excellent"))) -> Excellent | P88: =IF(S88="","Missing","Submitted") -> Submitted | Q88: =IF(AND(M88>=300,M88<=900),"Valid","Invalid") -> Valid | R88: Personal | S88: 3214653 | T88: 15.68 | U88: 12 | V88: 267887.75 | W88: =PMT(T88/12,U88,-S88) -> 4200665.1 | X88: Rajasthan | Y88: Jaipur | Z88: 45550 | AA88: =TEXT(Table2[[#This Row],[Application_Date]],"yyy") -> 2024 | AB88: =TEXT(Table2[[#This Row],[Application_Date]],"mmmm") -> September | AC88: Pending | AD88: Yes | AE88: South
A89: L100088 | B89: =IF(COUNTIF($A$2:A89,A89)>1,"Duplicate","Unique") -> Unique | C89: C200088 | D89: Rahul Das | E89: =IF(C89="","Missing","Submitted") -> Submitted | F89: Male | G89: 33 | H89: Married | I89: Graduate | J89: Government | K89: 1737389 | L89: =IF(K89="","Missing","Submitted") -> Submitted | M89: 467 | N89: =IF(M89<600,"High_risk",IF(M89>=750,"medium_risk","low_risk")) -> High_risk | O89: =IF(J90<503,"Poor",IF(J90<=550,"Fair",IF(J90<=750,"Good","Excellent"))) -> Excellent | P89: =IF(S89="","Missing","Submitted") -> Submitted | Q89: =IF(AND(M89>=300,M89<=900),"Valid","Invalid") -> Valid | R89: Home | S89: 4175081 | T89: 16.08 | U89: 12 | V89: 347923.42 | W89: =PMT(T89/12,U89,-S89) -> 5594816.1 | X89: UP | Y89: Lucknow | Z89: 45551 | AA89: =TEXT(Table2[[#This Row],[Application_Date]],"yyy") -> 2024 | AB89: =TEXT(Table2[[#This Row],[Application_Date]],"mmmm") -> September | AC89: Approved | AD89: No | AE89: South
A90: L100089 | B90: =IF(COUNTIF($A$2:A90,A90)>1,"Duplicate","Unique") -> Unique | C90: C200089 | D90: Neha Verma | E90: =IF(C90="","Missing","Submitted") -> Submitted | F90: Female | G90: 52 | H90: Married | I90: Graduate | J90: Self-Employed | K90: 1302308 | L90: =IF(K90="","Missing","Submitted") -> Submitted | M90: 772 | N90: =IF(M90<600,"High_risk",IF(M90>=750,"medium_risk","low_risk")) -> medium_risk | O90: =IF(J91<503,"Poor",IF(J91<=550,"Fair",IF(J91<=750,"Good","Excellent"))) -> Excellent | P90: =IF(S90="","Missing","Submitted") -> Submitted | Q90: =IF(AND(M90>=300,M90<=900),"Valid","Invalid") -> Valid | R90: Car | S90: 879878 | T90: 17.1 | U90: 180 | V90: 4888.21 | W90: =PMT(T90/12,U90,-S90) -> 1253826.2 | X90: Rajasthan | Y90: Jaipur | Z90: 45552 | AA90: =TEXT(Table2[[#This Row],[Application_Date]],"yyy") -> 2024 | AB90: =TEXT(Table2[[#This Row],[Application_Date]],"mmmm") -> September | AC90: Approved | AD90: Yes | AE90: West
A91: L100090 | B91: =IF(COUNTIF($A$2:A91,A91)>1,"Duplicate","Unique") -> Unique | C91: C200090 | D91: Rahul Rao | E91: =IF(C91="","Missing","Submitted") -> Submitted | F91: Male | G91: 40 | H91: Single | I91: Graduate | J91: Self-Employed | K91: 2005467 | L91: =IF(K91="","Missing","Submitted") -> Submitted | M91: 406 | N91: =IF(M91<600,"High_risk",IF(M91>=750,"medium_risk","low_risk")) -> High_risk | O91: =IF(J92<503,"Poor",IF(J92<=550,"Fair",IF(J92<=750,"Good","Excellent"))) -> Excellent | P91: =IF(S91="","Missing","Submitted") -> Submitted | Q91: =IF(AND(M91>=300,M91<=900),"Valid","Invalid") -> Valid | R91: Car | S91: 3824443 | T91: 18.38 | U91: 120 | V91: 31870.36 | W91: =PMT(T91/12,U91,-S91) -> 5857771.9 | X91: Maharashtra | Y91: Mumbai | Z91: 45553 | AA91: =TEXT(Table2[[#This Row],[Application_Date]],"yyy") -> 2024 | AB91: =TEXT(Table2[[#This Row],[Application_Date]],"mmmm") -> September | AC91: Approved | AD91: No | AE91: East
A92: L100091 | B92: =IF(COUNTIF($A$2:A92,A92)>1,"Duplicate","Unique") -> Unique | C92: C200091 | D92: Vikas Patel | E92: =IF(C92="","Missing","Submitted") -> Submitted | F92: Female | G92: 35 | H92: Single | I92: Graduate | J92: Business | K92: 494632 | L92: =IF(K92="","Missing","Submitted") -> Submitted | M92: 588 | N92: =IF(M92<600,"High_risk",IF(M92>=750,"medium_risk","low_risk")) -> High_risk | O92: =IF(J93<503,"Poor",IF(J93<=550,"Fair",IF(J93<=750,"Good","Excellent"))) -> Excellent | P92: =IF(S92="","Missing","Submitted") -> Submitted | Q92: =IF(AND(M92>=300,M92<=900),"Valid","Invalid") -> Valid | R92: Business | S92: 2796215 | T92: 10.82 | U92: 60 | V92: 46603.58 | W92: =PMT(T92/12,U92,-S92) -> 2521253.9 | X92: Rajasthan | Y92: Jaipur | Z92: 45554 | AA92: =TEXT(Table2[[#This Row],[Application_Date]],"yyy") -> 2024 | AB92: =TEXT(Table2[[#This Row],[Application_Date]],"mmmm") -> September | AC92: Approved | AD92: Yes | AE92: West
A93: L100092 | B93: =IF(COUNTIF($A$2:A93,A93)>1,"Duplicate","Unique") -> Unique | C93: C200092 | D93: Vikas Sharma | E93: =IF(C93="","Missing","Submitted") -> Submitted | F93: Male | G93: 64 | H93: Married | I93: Non-Graduate | J93: Government | K93: 1131033 | L93: =IF(K93="","Missing","Submitted") -> Submitted | M93: 541 | N93: =IF(M93<600,"High_risk",IF(M93>=750,"medium_risk","low_risk")) -> High_risk | O93: =IF(J94<503,"Poor",IF(J94<=550,"Fair",IF(J94<=750,"Good","Excellent"))) -> Excellent | P93: =IF(S93="","Missing","Submitted") -> Submitted | Q93: =IF(AND(M93>=300,M93<=900),"Valid","Invalid") -> Valid | R93: Business | S93: 2783334 | T93: 17.86 | U93: 12 | V93: 231944.5 | W93: =PMT(T93/12,U93,-S93) -> 4142602.3 | X93: Maharashtra | Y93: Mumbai | Z93: 45555 | AA93: =TEXT(Table2[[#This Row],[Application_Date]],"yyy") -> 2024 | AB93: =TEXT(Table2[[#This Row],[Application_Date]],"mmmm") -> September | AC93: Approved | AD93: Yes | AE93: North
A94: L100093 | B94: =IF(COUNTIF($A$2:A94,A94)>1,"Duplicate","Unique") -> Unique | C94: C200093 | D94: Neha Das | E94: =IF(C94="","Missing","Submitted") -> Submitted | F94: Male | G94: 21 | H94: Married | I94: Non-Graduate | J94: Business | K94: 1983929 | L94: =IF(K94="","Missing","Submitted") -> Submitted | M94: 750 | N94: =IF(M94<600,"High_risk",IF(M94>=750,"medium_risk","low_risk")) -> medium_risk | O94: =IF(J95<503,"Poor",IF(J95<=550,"Fair",IF(J95<=750,"Good","Excellent"))) -> Excellent | P94: =IF(S94="","Missing","Submitted") -> Submitted | Q94: =IF(AND(M94>=300,M94<=900),"Valid","Invalid") -> Valid | R94: Education | S94: 2647438 | T94: 17.3 | U94: 180 | V94: 14707.99 | W94: =PMT(T94/12,U94,-S94) -> 3816723.1 | X94: Karnataka | Y94: Bengaluru | Z94: 45556 | AA94: =TEXT(Table2[[#This Row],[Application_Date]],"yyy") -> 2024 | AB94: =TEXT(Table2[[#This Row],[Application_Date]],"mmmm") -> September | AC94: Pending | AD94: No | AE94: West
... A108: L100107 | B108: =IF(COUNTIF($A$2:A108,A108)>1,"Duplicate","Unique") -> Unique | C108: C200107 | D108: Sneha Patel | E108: =IF(C108="","Missing","Submitted") -> Submitted | F108: Female | G108: 34 | H108: Single | I108: Graduate | J108: Self-Employed | K108: 1510147 | L108: =IF(K108="","Missing","Submitted") -> Submitted | M108: 555 | N108: =IF(M108<600,"High_risk",IF(M108>=750,"medium_risk","low_risk")) -> High_risk | O108: =IF(J109<503,"Poor",IF(J109<=550,"Fair",IF(J109<=750,"Good","Excellent"))) -> Excellent | P108: =IF(S108="","Missing","Submitted") -> Submitted | Q108: =IF(AND(M108>=300,M108<=900),"Valid","Invalid") -> Valid | R108: Personal | S108: 3151727 | T108: 13.66 | U108: 36 | V108: 87547.97 | W108: =PMT(T108/12,U108,-S108) -> 3587715.9 | X108: Rajasthan | Y108: Jaipur | Z108: 45570 | AA108: =TEXT(Table2[[#This Row],[Application_Date]],"yyy") -> 2024 | AB108: =TEXT(Table2[[#This Row],[Application_Date]],"mmmm") -> October | AC108: Approved | AD108: No | AE108: South
A109: L100108 | B109: =IF(COUNTIF($A$2:A109,A109)>1,"Duplicate","Unique") -> Unique | C109: C200108 | D109: 0 | E109: =IF(C109="","Missing","Submitted") -> Submitted | F109: Female | G109: 20 | H109: Single | I109: Graduate | J109: Salaried | K109: 1019444 | L109: =IF(K109="","Missing","Submitted") -> Submitted | M109: 343 | N109: =IF(M109<600,"High_risk",IF(M109>=750,"medium_risk","low_risk")) -> High_risk | O109: =IF(J110<503,"Poor",IF(J110<=550,"Fair",IF(J110<=750,"Good","Excellent"))) -> Excellent | P109: =IF(S109="","Missing","Submitted") -> Submitted | Q109: =IF(AND(M109>=300,M109<=900),"Valid","Invalid") -> Valid | R109: Education | S109: 4557919 | T109: 15.84 | U109: 24 | V109: 189913.29 | W109: =PMT(T109/12,U109,-S109) -> 6016453.1 | X109: Maharashtra | Y109: Mumbai | Z109: 45571 | AA109: =TEXT(Table2[[#This Row],[Application_Date]],"yyy") -> 2024 | AB109: =TEXT(Table2[[#This Row],[Application_Date]],"mmmm") -> October | AC109: Approved | AD109: Yes | AE109: North
A110: L100109 | B110: =IF(COUNTIF($A$2:A110,A110)>1,"Duplicate","Unique") -> Unique | C110: C200109 | D110: Anjali Verma | E110: =IF(C110="","Missing","Submitted") -> Submitted | F110: Male | G110: 50 | H110: Single | I110: Non-Graduate | J110: Salaried | K110: 732550 | L110: =IF(K110="","Missing","Submitted") -> Submitted | M110: 751 | N110: =IF(M110<600,"High_risk",IF(M110>=750,"medium_risk","low_risk")) -> medium_risk | O110: =IF(J111<503,"Poor",IF(J111<=550,"Fair",IF(J111<=750,"Good","Excellent"))) -> Excellent | P110: =IF(S110="","Missing","Submitted") -> Submitted | Q110: =IF(AND(M110>=300,M110<=900),"Valid","Invalid") -> Valid | R110: Car | S110: 4148290 | T110: 15.92 | U110: 60 | V110: 69138.17 | W110: =PMT(T110/12,U110,-S110) -> 5503398.1 | X110: Gujarat | Y110: Ahmedabad | Z110: 45572 | AA110: =TEXT(Table2[[#This Row],[Application_Date]],"yyy") -> 2024 | AB110: =TEXT(Table2[[#This Row],[Application_Date]],"mmmm") -> October | AC110: Pending | AD110: No | AE110: South
A111: L100110 | B111: =IF(COUNTIF($A$2:A111,A111)>1,"Duplicate","Unique") -> Unique | C111: C200110 | D111: Rohit Das | E111: =IF(C111="","Missing","Submitted") -> Submitted | F111: Female | G111: 53 | H111: Single | I111: Graduate | J111: Self-Employed | K111: 2465099 | L111: =IF(K111="","Missing","Submitted") -> Submitted | M111: 853 | N111: =IF(M111<600,"High_risk",IF(M111>=750,"medium_risk","low_risk")) -> medium_risk | O111: =IF(J112<503,"Poor",IF(J112<=550,"Fair",IF(J112<=750,"Good","Excellent"))) -> Excellent | P111: =IF(S111="","Missing","Submitted") -> Submitted | Q111: =IF(AND(M111>=300,M111<=900),"Valid","Invalid") -> Valid | R111: Education | S111: 340080 | T111: 13.17 | U111: 36 | V111: 9446.67 | W111: =PMT(T111/12,U111,-S111) -> 373237.8 | X111: Gujarat | Y111: Ahmedabad | Z111: 45573 | AA111: =TEXT(Table2[[#This Row],[Application_Date]],"yyy") -> 2024 | AB111: =TEXT(Table2[[#This Row],[Application_Date]],"mmmm") -> October | AC111: Rejected | AD111: Yes | AE111: West
A112: L100111 | B112: =IF(COUNTIF($A$2:A112,A112)>1,"Duplicate","Unique") -> Unique | C112: C200111 | D112: Rahul Rao | E112: =IF(C112="","Missing","Submitted") -> Submitted | F112: Female | G112: 20 | H112: Married | I112: Graduate | J112: Business | K112: 1279404 | L112: =IF(K112="","Missing","Submitted") -> Submitted | M112: 614 | N112: =IF(M112<600,"High_risk",IF(M112>=750,"medium_risk","low_risk")) -> low_risk | O112: =IF(J113<503,"Poor",IF(J113<=550,"Fair",IF(J113<=750,"Good","Excellent"))) -> Excellent | P112: =IF(S112="","Missing","Submitted") -> Submitted | Q112: =IF(AND(M112>=300,M112<=900),"Valid","Invalid") -> Valid | R112: Education | S112: 53300 | T112: 8.49 | U112: 180 | V112: 296.11 | W112: =PMT(T112/12,U112,-S112) -> 37709.75 | X112: Tamil Nadu | Y112: Chennai | Z112: 45574 | AA112: =TEXT(Table2[[#This Row],[Application_Date]],"yyy") -> 2024 | AB112: =TEXT(Table2[[#This Row],[Application_Date]],"mmmm") -> October | AC112: Pending | AD112: No | AE112: South
A113: L100112 | B113: =IF(COUNTIF($A$2:A113,A113)>1,"Duplicate","Unique") -> Unique | C113: C200112 | D113: Amit Singh | E113: =IF(C113="","Missing","Submitted") -> Submitted | F113: Male | G113: 37 | H113: Single | I113: Graduate | J113: Business | K113: 569011 | L113: =IF(K113="","Missing","Submitted") -> Submitted | M113: 803 | N113: =IF(M113<600,"High_risk",IF(M113>=750,"medium_risk","low_risk")) -> medium_risk | O113: =IF(J114<503,"Poor",IF(J114<=550,"Fair",IF(J114<=750,"Good","Excellent"))) -> Excellent | P113: =IF(S113="","Missing","Submitted") -> Submitted | Q113: =IF(AND(M113>=300,M113<=900),"Valid","Invalid") -> Valid | R113: Home | S113: 4191427 | T113: 8.77 | U113: 180 | V113: 23285.71 | W113: =PMT(T113/12,U113,-S113) -> 3063234.6 | X113: Gujarat | Y113: Ahmedabad | Z113: 45575 | AA113: =TEXT(Table2[[#This Row],[Application_Date]],"yyy") -> 2024 | AB113: =TEXT(Table2[[#This Row],[Application_Date]],"mmmm") -> October | AC113: Rejected | AD113: No | AE113: North
A114: L100113 | B114: =IF(COUNTIF($A$2:A114,A114)>1,"Duplicate","Unique") -> Unique | C114: C200113 | D114: Pooja Patel | E114: =IF(C114="","Missing","Submitted") -> Submitted | F114: Male | G114: 28 | H114: Single | I114: Graduate | J114: Government | K114: 512332 | L114: =IF(K114="","Missing","Submitted") -> Submitted | M114: 789 | N114: =IF(M114<600,"High_risk",IF(M114>=750,"medium_risk","low_risk")) -> medium_risk | O114: =IF(J115<503,"Poor",IF(J115<=550,"Fair",IF(J115<=750,"Good","Excellent"))) -> Excellent | P114: =IF(S114="","Missing","Submitted") -> Submitted | Q114: =IF(AND(M114>=300,M114<=900),"Valid","Invalid") -> Valid | R114: Personal | S114: 3222195 | T114: 14.19 | U114: 60 | V114: 53703.25 | W114: =PMT(T114/12,U114,-S114) -> 3810245.6 | X114: Tamil Nadu | Y114: Chennai | Z114: 45576 | AA114: =TEXT(Table2[[#This Row],[Application_Date]],"yyy") -> 2024 | AB114: =TEXT(Table2[[#This Row],[Application_Date]],"mmmm") -> October | AC114: Rejected | AD114: No | AE114: West
A115: L100114 | B115: =IF(COUNTIF($A$2:A115,A115)>1,"Duplicate","Unique") -> Unique | C115: C200114 | D115: Vikas Singh | E115: =IF(C115="","Missing","Submitted") -> Submitted | F115: Male | G115: 43 | H115: Single | I115: Graduate | J115: Salaried | K115: 1965976 | L115: =IF(K115="","Missing","Submitted") -> Submitted | M115: 564 | N115: =IF(M115<600,"High_risk",IF(M115>=750,"medium_risk","low_risk")) -> High_risk | O115: =IF(J116<503,"Poor",IF(J116<=550,"Fair",IF(J116<=750,"Good","Excellent"))) -> Excellent | P115: =IF(S115="","Missing","Submitted") -> Submitted | Q115: =IF(AND(M115>=300,M115<=900),"Valid","Invalid") -> Valid | R115: Car | S115: 3092187 | T115: 18.99 | U115: 120 | V115: 25768.22 | W115: =PMT(T115/12,U115,-S115) -> 4893385.9 | X115: Karnataka | Y115: Bengaluru | Z115: 45577 | AA115: =TEXT(Table2[[#This Row],[Application_Date]],"yyy") -> 2024 | AB115: =TEXT(Table2[[#This Row],[Application_Date]],"mmmm") -> October | AC115: Approved | AD115: Yes | AE115: South
A116: L100115 | B116: =IF(COUNTIF($A$2:A116,A116)>1,"Duplicate","Unique") -> Unique | C116: C200115 | D116: Priya Verma | E116: =IF(C116="","Missing","Submitted") -> Submitted | F116: Male | G116: 34 | H116: Married | I116: Graduate | J116: Government | K116: 2128128 | L116: =IF(K116="","Missing","Submitted") -> Submitted | M116: 483 | N116: =IF(M116<600,"High_risk",IF(M116>=750,"medium_risk","low_risk")) -> High_risk | O116: =IF(J117<503,"Poor",IF(J117<=550,"Fair",IF(J117<=750,"Good","Excellent"))) -> Excellent | P116: =IF(S116="","Missing","Submitted") -> Submitted | Q116: =IF(AND(M116>=300,M116<=900),"Valid","Invalid") -> Valid | R116: Home | S116: 4601773 | T116: 9.55 | U116: 60 | V116: 76696.22 | W116: =PMT(T116/12,U116,-S116) -> 3662244.3 | X116: UP | Y116: Lucknow | Z116: 45578 | AA116: =TEXT(Table2[[#This Row],[Application_Date]],"yyy") -> 2024 | AB116: =TEXT(Table2[[#This Row],[Application_Date]],"mmmm") -> October | AC116: Approved | AD116: No | AE116: South
A117: L100116 | B117: =IF(COUNTIF($A$2:A117,A117)>1,"Duplicate","Unique") -> Unique | C117: C200116 | D117: Karan Verma | E117: =IF(C117="","Missing","Submitted") -> Submitted | F117: Male | G117: 34 | H117: Married | I117: Non-Graduate | J117: Self-Employed | K117: 564854 | L117: =IF(K117="","Missing","Submitted") -> Submitted | M117: 391 | N117: =IF(M117<600,"High_risk",IF(M117>=750,"medium_risk","low_risk")) -> High_risk | O117: =IF(J118<503,"Poor",IF(J118<=550,"Fair",IF(J118<=750,"Good","Excellent"))) -> Excellent | P117: =IF(S117="","Missing","Submitted") -> Submitted | Q117: =IF(AND(M117>=300,M117<=900),"Valid","Invalid") -> Valid | R117: Education | S117: 2615904 | T117: 12.85 | U117: 120 | V117: 21799.2 | W117: =PMT(T117/12,U117,-S117) -> 2801197.2 | X117: UP | Y117: Lucknow | Z117: 45579 | AA117: =TEXT(Table2[[#This Row],[Application_Date]],"yyy") -> 2024 | AB117: =TEXT(Table2[[#This Row],[Application_Date]],"mmmm") -> October | AC117: Rejected | AD117: No | AE117: East
A118: L100117 | B118: =IF(COUNTIF($A$2:A118,A118)>1,"Duplicate","Unique") -> Unique | C118: C200117 | D118: Vikas Verma | E118: =IF(C118="","Missing","Submitted") -> Submitted | F118: Female | G118: 54 | H118: Single | I118: Graduate | J118: Self-Employed | K118: 1745298 | L118: =IF(K118="","Missing","Submitted") -> Submitted | M118: 950 | N118: =IF(M118<600,"High_risk",IF(M118>=750,"medium_risk","low_risk")) -> medium_risk | O118: =IF(J119<503,"Poor",IF(J119<=550,"Fair",IF(J119<=750,"Good","Excellent"))) -> Excellent | P118: =IF(S118="","Missing","Submitted") -> Submitted | Q118: =IF(AND(M118>=300,M118<=900),"Valid","Invalid") -> Invalid | R118: Personal | S118: 4194800 | T118: 10.28 | U118: 120 | V118: 34956.67 | W118: =PMT(T118/12,U118,-S118) -> 3593545.3 | X118: Karnataka | Y118: Bengaluru | Z118: 45580 | AA118: =TEXT(Table2[[#This Row],[Application_Date]],"yyy") -> 2024 | AB118: =TEXT(Table2[[#This Row],[Application_Date]],"mmmm") -> October | AC118: Approved | AD118: Yes | AE118: West
A119: L100118 | B119: =IF(COUNTIF($A$2:A119,A119)>1,"Duplicate","Unique") -> Unique | C119: C200118 | D119: Anjali Rao | E119: =IF(C119="","Missing","Submitted") -> Submitted | F119: Male | G119: 36 | H119: Married | I119: Graduate | J119: Salaried | K119: 1496187 | L119: =IF(K119="","Missing","Submitted") -> Submitted | M119: 679 | N119: =IF(M119<600,"High_risk",IF(M119>=750,"medium_risk","low_risk")) -> low_risk | O119: =IF(J120<503,"Poor",IF(J120<=550,"Fair",IF(J120<=750,"Good","Excellent"))) -> Excellent | P119: =IF(S119="","Missing","Submitted") -> Submitted | Q119: =IF(AND(M119>=300,M119<=900),"Valid","Invalid") -> Valid | R119: Home | S119: 3952100 | T119: 10.86 | U119: 36 | V119: 109780.56 | W119: =PMT(T119/12,U119,-S119) -> 3576650.5 | X119: UP | Y119: Lucknow | Z119: 45581 | AA119: =TEXT(Table2[[#This Row],[Application_Date]],"yyy") -> 2024 | AB119: =TEXT(Table2[[#This Row],[Application_Date]],"mmmm") -> October | AC119: Approved | AD119: Yes | AE119: South
A120: L100119 | B120: =IF(COUNTIF($A$2:A120,A120)>1,"Duplicate","Unique") -> Unique | C120: C200119 | D120: Pooja Verma | E120: =IF(C120="","Missing","Submitted") -> Submitted | F120: Male | G120: 42 | H120: Married | I120: Non-Graduate | J120: Salaried | K120: 2332600 | L120: =IF(K120="","Missing","Submitted") -> Submitted | M120: 457 | N120: =IF(M120<600,"High_risk",IF(M120>=750,"medium_risk","low_risk")) -> High_risk | O120: =IF(J121<503,"Poor",IF(J121<=550,"Fair",IF(J121<=750,"Good","Excellent"))) -> Excellent | P120: =IF(S120="","Missing","Submitted") -> Submitted | Q120: =IF(AND(M120>=300,M120<=900),"Valid","Invalid") -> Valid | R120: Personal | S120: 2099694 | T120: 15.39 | U120: 120 | V120: 17497.45 | W120: =PMT(T120/12,U120,-S120) -> 2692857.6 | X120: Delhi | Y120: New Delhi | Z120: 45582 | AA120: =TEXT(Table2[[#This Row],[Application_Date]],"yyy") -> 2024 | AB120: =TEXT(Table2[[#This Row],[Application_Date]],"mmmm") -> October | AC120: Rejected | AD120: Yes | AE120: East
A121: L100120 | B121: =IF(COUNTIF($A$2:A121,A121)>1,"Duplicate","Unique") -> Unique | C121: C200120 | D121: Vikas Das | E121: =IF(C121="","Missing","Submitted") -> Submitted | F121: Male | G121: 33 | H121: Married | I121: Non-Graduate | J121: Business | K121: 1016618 | L121: =IF(K121="","Missing","Submitted") -> Submitted | M121: 727 | N121: =IF(M121<600,"High_risk",IF(M121>=750,"medium_risk","low_risk")) -> low_risk | O121: =IF(J122<503,"Poor",IF(J122<=550,"Fair",IF(J122<=750,"Good","Excellent"))) -> Excellent | P121: =IF(S121="","Missing","Submitted") -> Submitted | Q121: =IF(AND(M121>=300,M121<=900),"Valid","Invalid") -> Valid | R121: Business | S121: 3845671 | T121: 9.36 | U121: 120 | V121: 32047.26 | W121: =PMT(T121/12,U121,-S121) -> 2999623.4 | X121: Rajasthan | Y121: Jaipur | Z121: 45583 | AA121: =TEXT(Table2[[#This Row],[Application_Date]],"yyy") -> 2024 | AB121: =TEXT(Table2[[#This Row],[Application_Date]],"mmmm") -> October | AC121: Pending | AD121: No | AE121: East
... A206: L100205 | B206: =IF(COUNTIF($A$2:A206,A206)>1,"Duplicate","Unique") -> Unique | C206: C200205 | D206: Pooja Patel | E206: =IF(C206="","Missing","Submitted") -> Submitted | F206: Female | G206: 27 | H206: Married | I206: Graduate | J206: Self-Employed | K206: 2198119 | L206: =IF(K206="","Missing","Submitted") -> Submitted | M206: 314 | N206: =IF(M206<600,"High_risk",IF(M206>=750,"medium_risk","low_risk")) -> High_risk | O206: =IF(J207<503,"Poor",IF(J207<=550,"Fair",IF(J207<=750,"Good","Excellent"))) -> Excellent | P206: =IF(S206="","Missing","Submitted") -> Submitted | Q206: =IF(AND(M206>=300,M206<=900),"Valid","Invalid") -> Valid | R206: Education | S206: 1116746 | T206: 14.46 | U206: 180 | V206: 6204.14 | W206: =PMT(T206/12,U206,-S206) -> 1345678.9 | X206: Tamil Nadu | Y206: Chennai | Z206: 45668 | AA206: =TEXT(Table2[[#This Row],[Application_Date]],"yyy") -> 2025 | AB206: =TEXT(Table2[[#This Row],[Application_Date]],"mmmm") -> January | AC206: Approved | AD206: Yes | AE206: East
A207: L100206 | B207: =IF(COUNTIF($A$2:A207,A207)>1,"Duplicate","Unique") -> Unique | C207: C200206 | D207: 0 | E207: =IF(C207="","Missing","Submitted") -> Submitted | F207: Female | G207: 38 | H207: Single | I207: Non-Graduate | J207: Business | K207: 978227 | L207: =IF(K207="","Missing","Submitted") -> Submitted | M207: 452 | N207: =IF(M207<600,"High_risk",IF(M207>=750,"medium_risk","low_risk")) -> High_risk | O207: =IF(J208<503,"Poor",IF(J208<=550,"Fair",IF(J208<=750,"Good","Excellent"))) -> Excellent | P207: =IF(S207="","Missing","Submitted") -> Submitted | Q207: =IF(AND(M207>=300,M207<=900),"Valid","Invalid") -> Valid | R207: Home | S207: 2682111 | T207: 7.36 | U207: 60 | V207: 44701.85 | W207: =PMT(T207/12,U207,-S207) -> 1645028.1 | X207: Rajasthan | Y207: Jaipur | Z207: 45669 | AA207: =TEXT(Table2[[#This Row],[Application_Date]],"yyy") -> 2025 | AB207: =TEXT(Table2[[#This Row],[Application_Date]],"mmmm") -> January | AC207: Approved | AD207: No | AE207: West
A208: L100207 | B208: =IF(COUNTIF($A$2:A208,A208)>1,"Duplicate","Unique") -> Unique | C208: C200207 | D208: Neha Patel | E208: =IF(C208="","Missing","Submitted") -> Submitted | F208: Male | G208: 52 | H208: Married | I208: Non-Graduate | J208: Government | K208: 1800478 | L208: =IF(K208="","Missing","Submitted") -> Submitted | M208: 561 | N208: =IF(M208<600,"High_risk",IF(M208>=750,"medium_risk","low_risk")) -> High_risk | O208: =IF(J209<503,"Poor",IF(J209<=550,"Fair",IF(J209<=750,"Good","Excellent"))) -> Excellent | P208: =IF(S208="","Missing","Submitted") -> Submitted | Q208: =IF(AND(M208>=300,M208<=900),"Valid","Invalid") -> Valid | R208: Education | S208: 95014 | T208: 18.37 | U208: 36 | V208: 2639.28 | W208: =PMT(T208/12,U208,-S208) -> 145450.6 | X208: Delhi | Y208: New Delhi | Z208: 45670 | AA208: =TEXT(Table2[[#This Row],[Application_Date]],"yyy") -> 2025 | AB208: =TEXT(Table2[[#This Row],[Application_Date]],"mmmm") -> January | AC208: Approved | AD208: Yes | AE208: South
A209: L100208 | B209: =IF(COUNTIF($A$2:A209,A209)>1,"Duplicate","Unique") -> Unique | C209: C200208 | D209: Rahul Gupta | E209: =IF(C209="","Missing","Submitted") -> Submitted | F209: Male | G209: 29 | H209: Married | I209: Non-Graduate | J209: Self-Employed | K209: 1433780 | L209: =IF(K209="","Missing","Submitted") -> Submitted | M209: 400 | N209: =IF(M209<600,"High_risk",IF(M209>=750,"medium_risk","low_risk")) -> High_risk | O209: =IF(J210<503,"Poor",IF(J210<=550,"Fair",IF(J210<=750,"Good","Excellent"))) -> Excellent | P209: =IF(S209="","Missing","Submitted") -> Submitted | Q209: =IF(AND(M209>=300,M209<=900),"Valid","Invalid") -> Valid | R209: Car | S209: 4340723 | T209: 16.14 | U209: 120 | V209: 36172.69 | W209: =PMT(T209/12,U209,-S209) -> 5838272.4 | X209: Tamil Nadu | Y209: Chennai | Z209: 45671 | AA209: =TEXT(Table2[[#This Row],[Application_Date]],"yyy") -> 2025 | AB209: =TEXT(Table2[[#This Row],[Application_Date]],"mmmm") -> January | AC209: Approved | AD209: No | AE209: West
A210: L100209 | B210: =IF(COUNTIF($A$2:A210,A210)>1,"Duplicate","Unique") -> Unique | C210: C200209 | D210: Karan Das | E210: =IF(C210="","Missing","Submitted") -> Submitted | F210: Female | G210: 31 | H210: Single | I210: Non-Graduate | J210: Business | K210: 877749 | L210: =IF(K210="","Missing","Submitted") -> Submitted | M210: 567 | N210: =IF(M210<600,"High_risk",IF(M210>=750,"medium_risk","low_risk")) -> High_risk | O210: =IF(J211<503,"Poor",IF(J211<=550,"Fair",IF(J211<=750,"Good","Excellent"))) -> Excellent | P210: =IF(S210="","Missing","Submitted") -> Submitted | Q210: =IF(AND(M210>=300,M210<=900),"Valid","Invalid") -> Valid | R210: Education | S210: 3040757 | T210: 14.58 | U210: 60 | V210: 50679.28 | W210: =PMT(T210/12,U210,-S210) -> 3694519.8 | X210: Gujarat | Y210: Ahmedabad | Z210: 45672 | AA210: =TEXT(Table2[[#This Row],[Application_Date]],"yyy") -> 2025 | AB210: =TEXT(Table2[[#This Row],[Application_Date]],"mmmm") -> January | AC210: Approved | AD210: No | AE210: West
A211: L100210 | B211: =IF(COUNTIF($A$2:A211,A211)>1,"Duplicate","Unique") -> Unique | C211: C200210 | D211: Amit Singh | E211: =IF(C211="","Missing","Submitted") -> Submitted | F211: Male | G211: 31 | H211: Married | I211: Graduate | J211: Business | K211: 904609 | L211: =IF(K211="","Missing","Submitted") -> Submitted | M211: 631 | N211: =IF(M211<600,"High_risk",IF(M211>=750,"medium_risk","low_risk")) -> low_risk | O211: =IF(J212<503,"Poor",IF(J212<=550,"Fair",IF(J212<=750,"Good","Excellent"))) -> Excellent | P211: =IF(S211="","Missing","Submitted") -> Submitted | Q211: =IF(AND(M211>=300,M211<=900),"Valid","Invalid") -> Valid | R211: Personal | S211: 183346 | T211: 11.47 | U211: 36 | V211: 5092.94 | W211: =PMT(T211/12,U211,-S211) -> 175248.22 | X211: Tamil Nadu | Y211: Chennai | Z211: 45673 | AA211: =TEXT(Table2[[#This Row],[Application_Date]],"yyy") -> 2025 | AB211: =TEXT(Table2[[#This Row],[Application_Date]],"mmmm") -> January | AC211: Approved | AD211: Yes | AE211: East
A212: L100211 | B212: =IF(COUNTIF($A$2:A212,A212)>1,"Duplicate","Unique") -> Unique | C212: C200211 | D212: Rohit Patel | E212: =IF(C212="","Missing","Submitted") -> Submitted | F212: Female | G212: 24 | H212: Married | I212: Graduate | J212: Self-Employed | K212: 1769424 | L212: =IF(K212="","Missing","Submitted") -> Submitted | M212: 838 | N212: =IF(M212<600,"High_risk",IF(M212>=750,"medium_risk","low_risk")) -> medium_risk | O212: =IF(J213<503,"Poor",IF(J213<=550,"Fair",IF(J213<=750,"Good","Excellent"))) -> Excellent | P212: =IF(S212="","Missing","Submitted") -> Submitted | Q212: =IF(AND(M212>=300,M212<=900),"Valid","Invalid") -> Valid | R212: Business | S212: 2288962 | T212: 17.2 | U212: 12 | V212: 190746.83 | W212: =PMT(T212/12,U212,-S212) -> 3280921.7 | X212: Rajasthan | Y212: Jaipur | Z212: 45674 | AA212: =TEXT(Table2[[#This Row],[Application_Date]],"yyy") -> 2025 | AB212: =TEXT(Table2[[#This Row],[Application_Date]],"mmmm") -> January | AC212: Pending | AD212: Yes | AE212: West
A213: L100212 | B213: =IF(COUNTIF($A$2:A213,A213)>1,"Duplicate","Unique") -> Unique | C213: C200212 | D213: Rahul Patel | E213: =IF(C213="","Missing","Submitted") -> Submitted | F213: Male | G213: 47 | H213: Single | I213: Non-Graduate | J213: Salaried | K213: 881992 | L213: =IF(K213="","Missing","Submitted") -> Submitted | M213: 462 | N213: =IF(M213<600,"High_risk",IF(M213>=750,"medium_risk","low_risk")) -> High_risk | O213: =IF(J214<503,"Poor",IF(J214<=550,"Fair",IF(J214<=750,"Good","Excellent"))) -> Excellent | P213: =IF(S213="","Missing","Submitted") -> Submitted | Q213: =IF(AND(M213>=300,M213<=900),"Valid","Invalid") -> Valid | R213: Business | S213: 1721865 | T213: 10.54 | U213: 120 | V213: 14348.88 | W213: =PMT(T213/12,U213,-S213) -> 1512371.4 | X213: Karnataka | Y213: Bengaluru | Z213: 45675 | AA213: =TEXT(Table2[[#This Row],[Application_Date]],"yyy") -> 2025 | AB213: =TEXT(Table2[[#This Row],[Application_Date]],"mmmm") -> January | AC213: Pending | AD213: Yes | AE213: East
A214: L100213 | B214: =IF(COUNTIF($A$2:A214,A214)>1,"Duplicate","Unique") -> Unique | C214: C200213 | D214: Rohit Sharma | E214: =IF(C214="","Missing","Submitted") -> Submitted | F214: Male | G214: 25 | H214: Married | I214: Non-Graduate | J214: Government | K214: 1576975 | L214: =IF(K214="","Missing","Submitted") -> Submitted | M214: 651 | N214: =IF(M214<600,"High_risk",IF(M214>=750,"medium_risk","low_risk")) -> low_risk | O214: =IF(J215<503,"Poor",IF(J215<=550,"Fair",IF(J215<=750,"Good","Excellent"))) -> Excellent | P214: =IF(S214="","Missing","Submitted") -> Submitted | Q214: =IF(AND(M214>=300,M214<=900),"Valid","Invalid") -> Valid | R214: Business | S214: 927282 | T214: 8.07 | U214: 24 | V214: 38636.75 | W214: =PMT(T214/12,U214,-S214) -> 623599.86 | X214: Maharashtra | Y214: Mumbai | Z214: 45676 | AA214: =TEXT(Table2[[#This Row],[Application_Date]],"yyy") -> 2025 | AB214: =TEXT(Table2[[#This Row],[Application_Date]],"mmmm") -> January | AC214: Approved | AD214: No | AE214: East
A215: L100214 | B215: =IF(COUNTIF($A$2:A215,A215)>1,"Duplicate","Unique") -> Unique | C215: C200214 | D215: Pooja Rao | E215: =IF(C215="","Missing","Submitted") -> Submitted | F215: Female | G215: 30 | H215: Single | I215: Graduate | J215: Salaried | K215: 1604117 | L215: =IF(K215="","Missing","Submitted") -> Submitted | M215: 580 | N215: =IF(M215<600,"High_risk",IF(M215>=750,"medium_risk","low_risk")) -> High_risk | O215: =IF(J216<503,"Poor",IF(J216<=550,"Fair",IF(J216<=750,"Good","Excellent"))) -> Excellent | P215: =IF(S215="","Missing","Submitted") -> Submitted | Q215: =IF(AND(M215>=300,M215<=900),"Valid","Invalid") -> Valid | R215: Car | S215: 910175 | T215: 10.32 | U215: 24 | V215: 37923.96 | W215: =PMT(T215/12,U215,-S215) -> 782750.77 | X215: Tamil Nadu | Y215: Chennai | Z215: 45677 | AA215: =TEXT(Table2[[#This Row],[Application_Date]],"yyy") -> 2025 | AB215: =TEXT(Table2[[#This Row],[Application_Date]],"mmmm") -> January | AC215: Approved | AD215: Yes | AE215: East
A216: L100215 | B216: =IF(COUNTIF($A$2:A216,A216)>1,"Duplicate","Unique") -> Unique | C216: C200215 | D216: Karan Mehta | E216: =IF(C216="","Missing","Submitted") -> Submitted | F216: Male | G216: 44 | H216: Married | I216: Graduate | J216: Business | K216: 1482295 | L216: =IF(K216="","Missing","Submitted") -> Submitted | M216: 304 | N216: =IF(M216<600,"High_risk",IF(M216>=750,"medium_risk","low_risk")) -> High_risk | O216: =IF(J217<503,"Poor",IF(J217<=550,"Fair",IF(J217<=750,"Good","Excellent"))) -> Excellent | P216: =IF(S216="","Missing","Submitted") -> Submitted | Q216: =IF(AND(M216>=300,M216<=900),"Valid","Invalid") -> Valid | R216: Education | S216: 1586610 | T216: 14.15 | U216: 180 | V216: 8814.5 | W216: =PMT(T216/12,U216,-S216) -> 1870877.6 | X216: Gujarat | Y216: Ahmedabad | Z216: 45678 | AA216: =TEXT(Table2[[#This Row],[Application_Date]],"yyy") -> 2025 | AB216: =TEXT(Table2[[#This Row],[Application_Date]],"mmmm") -> January | AC216: Approved | AD216: No | AE216: West
A217: L100216 | B217: =IF(COUNTIF($A$2:A217,A217)>1,"Duplicate","Unique") -> Unique | C217: C200216 | D217: Pooja Verma | E217: =IF(C217="","Missing","Submitted") -> Submitted | F217: Female | G217: 44 | H217: Married | I217: Graduate | J217: Business | K217: 2223422 | L217: =IF(K217="","Missing","Submitted") -> Submitted | M217: 312 | N217: =IF(M217<600,"High_risk",IF(M217>=750,"medium_risk","low_risk")) -> High_risk | O217: =IF(J218<503,"Poor",IF(J218<=550,"Fair",IF(J218<=750,"Good","Excellent"))) -> Excellent | P217: =IF(S217="","Missing","Submitted") -> Submitted | Q217: =IF(AND(M217>=300,M217<=900),"Valid","Invalid") -> Valid | R217: Home | S217: 1135639 | T217: 11.21 | U217: 24 | V217: 47318.29 | W217: =PMT(T217/12,U217,-S217) -> 1060876.2 | X217: Maharashtra | Y217: Mumbai | Z217: 45679 | AA217: =TEXT(Table2[[#This Row],[Application_Date]],"yyy") -> 2025 | AB217: =TEXT(Table2[[#This Row],[Application_Date]],"mmmm") -> January | AC217: Pending | AD217: Yes | AE217: East
A218: L100217 | B218: =IF(COUNTIF($A$2:A218,A218)>1,"Duplicate","Unique") -> Unique | C218: C200217 | D218: Neha Mehta | E218: =IF(C218="","Missing","Submitted") -> Submitted | F218: Male | G218: 59 | H218: Single | I218: Graduate | J218: Business | K218: 309656 | L218: =IF(K218="","Missing","Submitted") -> Submitted | M218: 495 | N218: =IF(M218<600,"High_risk",IF(M218>=750,"medium_risk","low_risk")) -> High_risk | O218: =IF(J219<503,"Poor",IF(J219<=550,"Fair",IF(J219<=750,"Good","Excellent"))) -> Excellent | P218: =IF(S218="","Missing","Submitted") -> Submitted | Q218: =IF(AND(M218>=300,M218<=900),"Valid","Invalid") -> Valid | R218: Business | S218: 1662325 | T218: 8.83 | U218: 60 | V218: 27705.42 | W218: =PMT(T218/12,U218,-S218) -> 1223194.1 | X218: Tamil Nadu | Y218: Chennai | Z218: 45680 | AA218: =TEXT(Table2[[#This Row],[Application_Date]],"yyy") -> 2025 | AB218: =TEXT(Table2[[#This Row],[Application_Date]],"mmmm") -> January | AC218: Pending | AD218: Yes | AE218: West
A219: L100218 | B219: =IF(COUNTIF($A$2:A219,A219)>1,"Duplicate","Unique") -> Unique | C219: C200218 | D219: Sneha Das | E219: =IF(C219="","Missing","Submitted") -> Submitted | F219: Female | G219: 26 | H219: Married | I219: Non-Graduate | J219: Business | K219: 415516 | L219: =IF(K219="","Missing","Submitted") -> Submitted | M219: 478 | N219: =IF(M219<600,"High_risk",IF(M219>=750,"medium_risk","low_risk")) -> High_risk | O219: =IF(J220<503,"Poor",IF(J220<=550,"Fair",IF(J220<=750,"Good","Excellent"))) -> Excellent | P219: =IF(S219="","Missing","Submitted") -> Submitted | Q219: =IF(AND(M219>=300,M219<=900),"Valid","Invalid") -> Valid | R219: Business | S219: 906762 | T219: 10.32 | U219: 180 | V219: 5037.57 | W219: =PMT(T219/12,U219,-S219) -> 779815.32 | X219: Karnataka | Y219: Bengaluru | Z219: 45681 | AA219: =TEXT(Table2[[#This Row],[Application_Date]],"yyy") -> 2025 | AB219: =TEXT(Table2[[#This Row],[Application_Date]],"mmmm") -> January | AC219: Pending | AD219: Yes | AE219: North
... A275: L100274 | B275: =IF(COUNTIF($A$2:A275,A275)>1,"Duplicate","Unique") -> Unique | C275: C200274 | D275: Karan Singh | E275: =IF(C275="","Missing","Submitted") -> Submitted | F275: Female | G275: 33 | H275: Married | I275: Graduate | J275: Government | K275: 0 | L275: =IF(K275="","Missing","Submitted") -> Submitted | M275: 312 | N275: =IF(M275<600,"High_risk",IF(M275>=750,"medium_risk","low_risk")) -> High_risk | O275: =IF(J276<503,"Poor",IF(J276<=550,"Fair",IF(J276<=750,"Good","Excellent"))) -> Excellent | P275: =IF(S275="","Missing","Submitted") -> Submitted | Q275: =IF(AND(M275>=300,M275<=900),"Valid","Invalid") -> Valid | R275: Personal | S275: 4879801 | T275: 8.46 | U275: 24 | V275: 203325.04 | W275: =PMT(T275/12,U275,-S275) -> 3440269.2 | X275: UP | Y275: Lucknow | Z275: 45737 | AA275: =TEXT(Table2[[#This Row],[Application_Date]],"yyy") -> 2025 | AB275: =TEXT(Table2[[#This Row],[Application_Date]],"mmmm") -> March | AC275: Approved | AD275: Yes | AE275: North
A276: L100275 | B276: =IF(COUNTIF($A$2:A276,A276)>1,"Duplicate","Unique") -> Unique | C276: C200275 | D276: 0 | E276: =IF(C276="","Missing","Submitted") -> Submitted | F276: Male | G276: 45 | H276: Married | I276: Non-Graduate | J276: Business | K276: 0 | L276: =IF(K276="","Missing","Submitted") -> Submitted | M276: 334 | N276: =IF(M276<600,"High_risk",IF(M276>=750,"medium_risk","low_risk")) -> High_risk | O276: =IF(J277<503,"Poor",IF(J277<=550,"Fair",IF(J277<=750,"Good","Excellent"))) -> Excellent | P276: =IF(S276="","Missing","Submitted") -> Submitted | Q276: =IF(AND(M276>=300,M276<=900),"Valid","Invalid") -> Valid | R276: Education | S276: 1377518 | T276: 12.06 | U276: 12 | V276: 114793.17 | W276: =PMT(T276/12,U276,-S276) -> 1384733.7 | X276: Maharashtra | Y276: Mumbai | Z276: 45738 | AA276: =TEXT(Table2[[#This Row],[Application_Date]],"yyy") -> 2025 | AB276: =TEXT(Table2[[#This Row],[Application_Date]],"mmmm") -> March | AC276: Approved | AD276: No | AE276: East
A277: L100276 | B277: =IF(COUNTIF($A$2:A277,A277)>1,"Duplicate","Unique") -> Unique | C277: C200276 | D277: Sneha Gupta | E277: =IF(C277="","Missing","Submitted") -> Submitted | F277: Male | G277: 38 | H277: Married | I277: Graduate | J277: Salaried | K277: 2440627 | L277: =IF(K277="","Missing","Submitted") -> Submitted | M277: 384 | N277: =IF(M277<600,"High_risk",IF(M277>=750,"medium_risk","low_risk")) -> High_risk | O277: =IF(J278<503,"Poor",IF(J278<=550,"Fair",IF(J278<=750,"Good","Excellent"))) -> Excellent | P277: =IF(S277="","Missing","Submitted") -> Submitted | Q277: =IF(AND(M277>=300,M277<=900),"Valid","Invalid") -> Valid | R277: Car | S277: 3534684 | T277: 8.83 | U277: 12 | V277: 294557 | W277: =PMT(T277/12,U277,-S277) -> 2604418.6 | X277: Tamil Nadu | Y277: Chennai | Z277: 45739 | AA277: =TEXT(Table2[[#This Row],[Application_Date]],"yyy") -> 2025 | AB277: =TEXT(Table2[[#This Row],[Application_Date]],"mmmm") -> March | AC277: Approved | AD277: Yes | AE277: South
A278: L100277 | B278: =IF(COUNTIF($A$2:A278,A278)>1,"Duplicate","Unique") -> Unique | C278: C200277 | D278: Amit Patel | E278: =IF(C278="","Missing","Submitted") -> Submitted | F278: Male | G278: 21 | H278: Single | I278: Non-Graduate | J278: Salaried | K278: 1135053 | L278: =IF(K278="","Missing","Submitted") -> Submitted | M278: 796 | N278: =IF(M278<600,"High_risk",IF(M278>=750,"medium_risk","low_risk")) -> medium_risk | O278: =IF(J279<503,"Poor",IF(J279<=550,"Fair",IF(J279<=750,"Good","Excellent"))) -> Excellent | P278: =IF(S278="","Missing","Submitted") -> Submitted | Q278: =IF(AND(M278>=300,M278<=900),"Valid","Invalid") -> Valid | R278: Personal | S278: 4051235 | T278: 15.79 | U278: 24 | V278: 168801.46 | W278: =PMT(T278/12,U278,-S278) -> 5330750.1 | X278: Maharashtra | Y278: Mumbai | Z278: 45740 | AA278: =TEXT(Table2[[#This Row],[Application_Date]],"yyy") -> 2025 | AB278: =TEXT(Table2[[#This Row],[Application_Date]],"mmmm") -> March | AC278: Pending | AD278: No | AE278: South
A279: L100278 | B279: =IF(COUNTIF($A$2:A279,A279)>1,"Duplicate","Unique") -> Unique | C279: C200278 | D279: Amit Patel | E279: =IF(C279="","Missing","Submitted") -> Submitted | F279: Female | G279: 33 | H279: Married | I279: Non-Graduate | J279: Salaried | K279: 894853 | L279: =IF(K279="","Missing","Submitted") -> Submitted | M279: 579 | N279: =IF(M279<600,"High_risk",IF(M279>=750,"medium_risk","low_risk")) -> High_risk | O279: =IF(J280<503,"Poor",IF(J280<=550,"Fair",IF(J280<=750,"Good","Excellent"))) -> Excellent | P279: =IF(S279="","Missing","Submitted") -> Submitted | Q279: =IF(AND(M279>=300,M279<=900),"Valid","Invalid") -> Valid | R279: Education | S279: 914790 | T279: 8.98 | U279: 120 | V279: 7623.25 | W279: =PMT(T279/12,U279,-S279) -> 684567.85 | X279: Gujarat | Y279: Ahmedabad | Z279: 45741 | AA279: =TEXT(Table2[[#This Row],[Application_Date]],"yyy") -> 2025 | AB279: =TEXT(Table2[[#This Row],[Application_Date]],"mmmm") -> March | AC279: Approved | AD279: No | AE279: East
A280: L100279 | B280: =IF(COUNTIF($A$2:A280,A280)>1,"Duplicate","Unique") -> Unique | C280: C200279 | D280: Neha Das | E280: =IF(C280="","Missing","Submitted") -> Submitted | F280: Male | G280: 32 | H280: Single | I280: Graduate | J280: Government | K280: 446557 | L280: =IF(K280="","Missing","Submitted") -> Submitted | M280: 594 | N280: =IF(M280<600,"High_risk",IF(M280>=750,"medium_risk","low_risk")) -> High_risk | O280: =IF(J281<503,"Poor",IF(J281<=550,"Fair",IF(J281<=750,"Good","Excellent"))) -> Excellent | P280: =IF(S280="","Missing","Submitted") -> Submitted | Q280: =IF(AND(M280>=300,M280<=900),"Valid","Invalid") -> Valid | R280: Business | S280: 532527 | T280: 13.59 | U280: 36 | V280: 14792.42 | W280: =PMT(T280/12,U280,-S280) -> 603086.83 | X280: Rajasthan | Y280: Jaipur | Z280: 45742 | AA280: =TEXT(Table2[[#This Row],[Application_Date]],"yyy") -> 2025 | AB280: =TEXT(Table2[[#This Row],[Application_Date]],"mmmm") -> March | AC280: Approved | AD280: Yes | AE280: West
A281: L100280 | B281: =IF(COUNTIF($A$2:A281,A281)>1,"Duplicate","Unique") -> Unique | C281: C200280 | D281: Rahul Mehta | E281: =IF(C281="","Missing","Submitted") -> Submitted | F281: Male | G281: 23 | H281: Single | I281: Non-Graduate | J281: Government | K281: 936834 | L281: =IF(K281="","Missing","Submitted") -> Submitted | M281: 407 | N281: =IF(M281<600,"High_risk",IF(M281>=750,"medium_risk","low_risk")) -> High_risk | O281: =IF(J282<503,"Poor",IF(J282<=550,"Fair",IF(J282<=750,"Good","Excellent"))) -> Excellent | P281: =IF(S281="","Missing","Submitted") -> Submitted | Q281: =IF(AND(M281>=300,M281<=900),"Valid","Invalid") -> Valid | R281: Personal | S281: 0 | T281: 18.97 | U281: 24 | V281: 10416.67 | W281: =PMT(T281/12,U281,-S281) -> 0 | X281: UP | Y281: Lucknow | Z281: 45743 | AA281: =TEXT(Table2[[#This Row],[Application_Date]],"yyy") -> 2025 | AB281: =TEXT(Table2[[#This Row],[Application_Date]],"mmmm") -> March | AC281: Rejected | AD281: Yes | AE281: West
A282: L100281 | B282: =IF(COUNTIF($A$2:A282,A282)>1,"Duplicate","Unique") -> Unique | C282: C200281 | D282: Rahul Rao | E282: =IF(C282="","Missing","Submitted") -> Submitted | F282: Male | G282: 25 | H282: Single | I282: Graduate | J282: Government | K282: 284390 | L282: =IF(K282="","Missing","Submitted") -> Submitted | M282: 333 | N282: =IF(M282<600,"High_risk",IF(M282>=750,"medium_risk","low_risk")) -> High_risk | O282: =IF(J283<503,"Poor",IF(J283<=550,"Fair",IF(J283<=750,"Good","Excellent"))) -> Excellent | P282: =IF(S282="","Missing","Submitted") -> Submitted | Q282: =IF(AND(M282>=300,M282<=900),"Valid","Invalid") -> Valid | R282: Education | S282: 2304528 | T282: 18.72 | U282: 60 | V282: 38408.8 | W282: =PMT(T282/12,U282,-S282) -> 3595063.7 | X282: Gujarat | Y282: Ahmedabad | Z282: 45744 | AA282: =TEXT(Table2[[#This Row],[Application_Date]],"yyy") -> 2025 | AB282: =TEXT(Table2[[#This Row],[Application_Date]],"mmmm") -> March | AC282: Pending | AD282: No | AE282: South
A283: L100282 | B283: =IF(COUNTIF($A$2:A283,A283)>1,"Duplicate","Unique") -> Unique | C283: C200282 | D283: Rahul Das | E283: =IF(C283="","Missing","Submitted") -> Submitted | F283: Male | G283: 26 | H283: Single | I283: Non-Graduate | J283: Self-Employed | K283: 1740831 | L283: =IF(K283="","Missing","Submitted") -> Submitted | M283: 585 | N283: =IF(M283<600,"High_risk",IF(M283>=750,"medium_risk","low_risk")) -> High_risk | O283: =IF(J284<503,"Poor",IF(J284<=550,"Fair",IF(J284<=750,"Good","Excellent"))) -> Excellent | P283: =IF(S283="","Missing","Submitted") -> Submitted | Q283: =IF(AND(M283>=300,M283<=900),"Valid","Invalid") -> Valid | R283: Business | S283: 4262127 | T283: 17.63 | U283: 120 | V283: 35517.72 | W283: =PMT(T283/12,U283,-S283) -> 6261774.9 | X283: Tamil Nadu | Y283: Chennai | Z283: 45745 | AA283: =TEXT(Table2[[#This Row],[Application_Date]],"yyy") -> 2025 | AB283: =TEXT(Table2[[#This Row],[Application_Date]],"mmmm") -> March | AC283: Pending | AD283: Yes | AE283: North
A284: L100283 | B284: =IF(COUNTIF($A$2:A284,A284)>1,"Duplicate","Unique") -> Unique | C284: C200283 | D284: Amit Gupta | E284: =IF(C284="","Missing","Submitted") -> Submitted | F284: Male | G284: 22 | H284: Married | I284: Graduate | J284: Government | K284: 1849672 | L284: =IF(K284="","Missing","Submitted") -> Submitted | M284: 889 | N284: =IF(M284<600,"High_risk",IF(M284>=750,"medium_risk","low_risk")) -> medium_risk | O284: =IF(J285<503,"Poor",IF(J285<=550,"Fair",IF(J285<=750,"Good","Excellent"))) -> Excellent | P284: =IF(S284="","Missing","Submitted") -> Submitted | Q284: =IF(AND(M284>=300,M284<=900),"Valid","Invalid") -> Valid | R284: Personal | S284: 3447468 | T284: 12.98 | U284: 120 | V284: 28728.9 | W284: =PMT(T284/12,U284,-S284) -> 3729011.2 | X284: Delhi | Y284: New Delhi | Z284: 45746 | AA284: =TEXT(Table2[[#This Row],[Application_Date]],"yyy") -> 2025 | AB284: =TEXT(Table2[[#This Row],[Application_Date]],"mmmm") -> March | AC284: Approved | AD284: Yes | AE284: South
A285: L100284 | B285: =IF(COUNTIF($A$2:A285,A285)>1,"Duplicate","Unique") -> Unique | C285: C200284 | D285: Rohit Sharma | E285: =IF(C285="","Missing","Submitted") -> Submitted | F285: Male | G285: 19 | H285: Single | I285: Non-Graduate | J285: Government | K285: 2370677 | L285: =IF(K285="","Missing","Submitted") -> Submitted | M285: 461 | N285: =IF(M285<600,"High_risk",IF(M285>=750,"medium_risk","low_risk")) -> High_risk | O285: =IF(J286<503,"Poor",IF(J286<=550,"Fair",IF(J286<=750,"Good","Excellent"))) -> Excellent | P285: =IF(S285="","Missing","Submitted") -> Submitted | Q285: =IF(AND(M285>=300,M285<=900),"Valid","Invalid") -> Valid | R285: Education | S285: 4499784 | T285: 7.74 | U285: 36 | V285: 124994 | W285: =PMT(T285/12,U285,-S285) -> 2902360.7 | X285: Delhi | Y285: New Delhi | Z285: 45747 | AA285: =TEXT(Table2[[#This Row],[Application_Date]],"yyy") -> 2025 | AB285: =TEXT(Table2[[#This Row],[Application_Date]],"mmmm") -> March | AC285: Rejected | AD285: Yes | AE285: North
A286: L100285 | B286: =IF(COUNTIF($A$2:A286,A286)>1,"Duplicate","Unique") -> Unique | C286: C200285 | D286: Amit Das | E286: =IF(C286="","Missing","Submitted") -> Submitted | F286: Male | G286: 23 | H286: Married | I286: Non-Graduate | J286: Self-Employed | K286: 1967414 | L286: =IF(K286="","Missing","Submitted") -> Submitted | M286: 599 | N286: =IF(M286<600,"High_risk",IF(M286>=750,"medium_risk","low_risk")) -> High_risk | O286: =IF(J287<503,"Poor",IF(J287<=550,"Fair",IF(J287<=750,"Good","Excellent"))) -> Excellent | P286: =IF(S286="","Missing","Submitted") -> Submitted | Q286: =IF(AND(M286>=300,M286<=900),"Valid","Invalid") -> Valid | R286: Car | S286: 1556040 | T286: 17.92 | U286: 120 | V286: 12967 | W286: =PMT(T286/12,U286,-S286) -> 2323686.4 | X286: Maharashtra | Y286: Mumbai | Z286: 45748 | AA286: =TEXT(Table2[[#This Row],[Application_Date]],"yyy") -> 2025 | AB286: =TEXT(Table2[[#This Row],[Application_Date]],"mmmm") -> April | AC286: Approved | AD286: Yes | AE286: West
A287: L100286 | B287: =IF(COUNTIF($A$2:A287,A287)>1,"Duplicate","Unique") -> Unique | C287: C200286 | D287: Karan Singh | E287: =IF(C287="","Missing","Submitted") -> Submitted | F287: Male | G287: 48 | H287: Married | I287: Non-Graduate | J287: Business | K287: 2459567 | L287: =IF(K287="","Missing","Submitted") -> Submitted | M287: 642 | N287: =IF(M287<600,"High_risk",IF(M287>=750,"medium_risk","low_risk")) -> low_risk | O287: =IF(J288<503,"Poor",IF(J288<=550,"Fair",IF(J288<=750,"Good","Excellent"))) -> Excellent | P287: =IF(S287="","Missing","Submitted") -> Submitted | Q287: =IF(AND(M287>=300,M287<=900),"Valid","Invalid") -> Valid | R287: Home | S287: 1616755 | T287: 9.5 | U287: 60 | V287: 26945.92 | W287: =PMT(T287/12,U287,-S287) -> 1279931 | X287: Tamil Nadu | Y287: Chennai | Z287: 45749 | AA287: =TEXT(Table2[[#This Row],[Application_Date]],"yyy") -> 2025 | AB287: =TEXT(Table2[[#This Row],[Application_Date]],"mmmm") -> April | AC287: Pending | AD287: Yes | AE287: East
A288: L100287 | B288: =IF(COUNTIF($A$2:A288,A288)>1,"Duplicate","Unique") -> Unique | C288: C200287 | D288: Karan Sharma | E288: =IF(C288="","Missing","Submitted") -> Submitted | F288: Female | G288: 24 | H288: Married | I288: Non-Graduate | J288: Government | K288: 814123 | L288: =IF(K288="","Missing","Submitted") -> Submitted | M288: 383 | N288: =IF(M288<600,"High_risk",IF(M288>=750,"medium_risk","low_risk")) -> High_risk | O288: =IF(J289<503,"Poor",IF(J289<=550,"Fair",IF(J289<=750,"Good","Excellent"))) -> Excellent | P288: =IF(S288="","Missing","Submitted") -> Submitted | Q288: =IF(AND(M288>=300,M288<=900),"Valid","Invalid") -> Valid | R288: Business | S288: 3559781 | T288: 15.68 | U288: 12 | V288: 296648.42 | W288: =PMT(T288/12,U288,-S288) -> 4651652.2 | X288: Delhi | Y288: New Delhi | Z288: 45750 | AA288: =TEXT(Table2[[#This Row],[Application_Date]],"yyy") -> 2025 | AB288: =TEXT(Table2[[#This Row],[Application_Date]],"mmmm") -> April | AC288: Approved | AD288: No | AE288: South
... A300: L100299 | B300: =IF(COUNTIF($A$2:A300,A300)>1,"Duplicate","Unique") -> Unique | C300: C200299 | D300: Priya Rao | E300: =IF(C300="","Missing","Submitted") -> Submitted | F300: Female | G300: 57 | H300: Single | I300: Graduate | J300: Salaried | K300: -50000 | L300: =IF(K300="","Missing","Submitted") -> Submitted | M300: 315 | N300: =IF(M300<600,"High_risk",IF(M300>=750,"medium_risk","low_risk")) -> High_risk | O300: =IF(J301<503,"Poor",IF(J301<=550,"Fair",IF(J301<=750,"Good","Excellent"))) -> Excellent | P300: =IF(S300="","Missing","Submitted") -> Submitted | Q300: =IF(AND(M300>=300,M300<=900),"Valid","Invalid") -> Valid | R300: Home | S300: 90995 | T300: 17.46 | U300: 24 | V300: 3791.46 | W300: =PMT(T300/12,U300,-S300) -> 132397.73 | X300: Delhi | Y300: New Delhi | Z300: 45762 | AA300: =TEXT(Table2[[#This Row],[Application_Date]],"yyy") -> 2025 | AB300: =TEXT(Table2[[#This Row],[Application_Date]],"mmmm") -> April | AC300: Rejected | AD300: Yes | AE300: West
A301: L100300 | B301: =IF(COUNTIF($A$2:A301,A301)>1,"Duplicate","Unique") -> Unique | C301: C200300 | D301: 0 | E301: =IF(C301="","Missing","Submitted") -> Submitted | F301: Male | G301: 22 | H301: Married | I301: Graduate | J301: Salaried | K301: 2378695 | L301: =IF(K301="","Missing","Submitted") -> Submitted | M301: 765 | N301: =IF(M301<600,"High_risk",IF(M301>=750,"medium_risk","low_risk")) -> medium_risk | O301: =IF(J302<503,"Poor",IF(J302<=550,"Fair",IF(J302<=750,"Good","Excellent"))) -> Excellent | P301: =IF(S301="","Missing","Submitted") -> Submitted | Q301: =IF(AND(M301>=300,M301<=900),"Valid","Invalid") -> Valid | R301: Personal | S301: 4640288 | T301: 18.91 | U301: 120 | V301: 38669.07 | W301: =PMT(T301/12,U301,-S301) -> 7312320.5 | X301: UP | Y301: Lucknow | Z301: 45763 | AA301: =TEXT(Table2[[#This Row],[Application_Date]],"yyy") -> 2025 | AB301: =TEXT(Table2[[#This Row],[Application_Date]],"mmmm") -> April | AC301: Approved | AD301: No | AE301: East
A302: L100301 | B302: =IF(COUNTIF($A$2:A302,A302)>1,"Duplicate","Unique") -> Unique | C302: C200301 | D302: Sneha Patel | E302: =IF(C302="","Missing","Submitted") -> Submitted | F302: Female | G302: 36 | H302: Married | I302: Graduate | J302: Salaried | K302: 2226560 | L302: =IF(K302="","Missing","Submitted") -> Submitted | M302: 676 | N302: =IF(M302<600,"High_risk",IF(M302>=750,"medium_risk","low_risk")) -> low_risk | O302: =IF(J303<503,"Poor",IF(J303<=550,"Fair",IF(J303<=750,"Good","Excellent"))) -> Excellent | P302: =IF(S302="","Missing","Submitted") -> Submitted | Q302: =IF(AND(M302>=300,M302<=900),"Valid","Invalid") -> Valid | R302: Home | S302: 3850702 | T302: 11.21 | U302: 24 | V302: 160445.92 | W302: =PMT(T302/12,U302,-S302) -> 3597197.9 | X302: Delhi | Y302: New Delhi | Z302: 45764 | AA302: =TEXT(Table2[[#This Row],[Application_Date]],"yyy") -> 2025 | AB302: =TEXT(Table2[[#This Row],[Application_Date]],"mmmm") -> April | AC302: Pending | AD302: No | AE302: West
A303: L100302 | B303: =IF(COUNTIF($A$2:A303,A303)>1,"Duplicate","Unique") -> Unique | C303: C200302 | D303: Vikas Das | E303: =IF(C303="","Missing","Submitted") -> Submitted | F303: Male | G303: 33 | H303: Single | I303: Graduate | J303: Business | K303: 2207110 | L303: =IF(K303="","Missing","Submitted") -> Submitted | M303: 659 | N303: =IF(M303<600,"High_risk",IF(M303>=750,"medium_risk","low_risk")) -> low_risk | O303: =IF(J304<503,"Poor",IF(J304<=550,"Fair",IF(J304<=750,"Good","Excellent"))) -> Excellent | P303: =IF(S303="","Missing","Submitted") -> Submitted | Q303: =IF(AND(M303>=300,M303<=900),"Valid","Invalid") -> Valid | R303: Personal | S303: 2884038 | T303: 13.32 | U303: 12 | V303: 240336.5 | W303: =PMT(T303/12,U303,-S303) -> 3201693.3 | X303: Rajasthan | Y303: Jaipur | Z303: 45765 | AA303: =TEXT(Table2[[#This Row],[Application_Date]],"yyy") -> 2025 | AB303: =TEXT(Table2[[#This Row],[Application_Date]],"mmmm") -> April | AC303: Approved | AD303: No | AE303: South
A304: L100303 | B304: =IF(COUNTIF($A$2:A304,A304)>1,"Duplicate","Unique") -> Unique | C304: C200303 | D304: Amit Gupta | E304: =IF(C304="","Missing","Submitted") -> Submitted | F304: Female | G304: 45 | H304: Single | I304: Graduate | J304: Self-Employed | K304: 1402050 | L304: =IF(K304="","Missing","Submitted") -> Submitted | M304: 564 | N304: =IF(M304<600,"High_risk",IF(M304>=750,"medium_risk","low_risk")) -> High_risk | O304: =IF(J305<503,"Poor",IF(J305<=550,"Fair",IF(J305<=750,"Good","Excellent"))) -> Excellent | P304: =IF(S304="","Missing","Submitted") -> Submitted | Q304: =IF(AND(M304>=300,M304<=900),"Valid","Invalid") -> Valid | R304: Education | S304: 3365941 | T304: 11.07 | U304: 60 | V304: 56099.02 | W304: =PMT(T304/12,U304,-S304) -> 3105080.6 | X304: Tamil Nadu | Y304: Chennai | Z304: 45766 | AA304: =TEXT(Table2[[#This Row],[Application_Date]],"yyy") -> 2025 | AB304: =TEXT(Table2[[#This Row],[Application_Date]],"mmmm") -> April | AC304: Pending | AD304: No | AE304: North
A305: L100304 | B305: =IF(COUNTIF($A$2:A305,A305)>1,"Duplicate","Unique") -> Unique | C305: C200304 | D305: Priya Singh | E305: =IF(C305="","Missing","Submitted") -> Submitted | F305: Male | G305: 53 | H305: Married | I305: Graduate | J305: Business | K305: 2356576 | L305: =IF(K305="","Missing","Submitted") -> Submitted | M305: 559 | N305: =IF(M305<600,"High_risk",IF(M305>=750,"medium_risk","low_risk")) -> High_risk | O305: =IF(J306<503,"Poor",IF(J306<=550,"Fair",IF(J306<=750,"Good","Excellent"))) -> Excellent | P305: =IF(S305="","Missing","Submitted") -> Submitted | Q305: =IF(AND(M305>=300,M305<=900),"Valid","Invalid") -> Valid | R305: Business | S305: 2827796 | T305: 18.11 | U305: 60 | V305: 47129.93 | W305: =PMT(T305/12,U305,-S305) -> 4267615.5 | X305: Maharashtra | Y305: Mumbai | Z305: 45767 | AA305: =TEXT(Table2[[#This Row],[Application_Date]],"yyy") -> 2025 | AB305: =TEXT(Table2[[#This Row],[Application_Date]],"mmmm") -> April | AC305: Rejected | AD305: Yes | AE305: North
A306: L100305 | B306: =IF(COUNTIF($A$2:A306,A306)>1,"Duplicate","Unique") -> Unique | C306: C200305 | D306: Sneha Mehta | E306: =IF(C306="","Missing","Submitted") -> Submitted | F306: Male | G306: 31 | H306: Single | I306: Non-Graduate | J306: Salaried | K306: 2413198 | L306: =IF(K306="","Missing","Submitted") -> Submitted | M306: 355 | N306: =IF(M306<600,"High_risk",IF(M306>=750,"medium_risk","low_risk")) -> High_risk | O306: =IF(J307<503,"Poor",IF(J307<=550,"Fair",IF(J307<=750,"Good","Excellent"))) -> Excellent | P306: =IF(S306="","Missing","Submitted") -> Submitted | Q306: =IF(AND(M306>=300,M306<=900),"Valid","Invalid") -> Valid | R306: Personal | S306: 1450152 | T306: 14.32 | U306: 60 | V306: 24169.2 | W306: =PMT(T306/12,U306,-S306) -> 1730514.7 | X306: Maharashtra | Y306: Mumbai | Z306: 45768 | AA306: =TEXT(Table2[[#This Row],[Application_Date]],"yyy") -> 2025 | AB306: =TEXT(Table2[[#This Row],[Application_Date]],"mmmm") -> April | AC306: Approved | AD306: Yes | AE306: North
A307: L100306 | B307: =IF(COUNTIF($A$2:A307,A307)>1,"Duplicate","Unique") -> Unique | C307: C200306 | D307: Karan Gupta | E307: =IF(C307="","Missing","Submitted") -> Submitted | F307: Male | G307: 49 | H307: Married | I307: Non-Graduate | J307: Self-Employed | K307: 621130 | L307: =IF(K307="","Missing","Submitted") -> Submitted | M307: 778 | N307: =IF(M307<600,"High_risk",IF(M307>=750,"medium_risk","low_risk")) -> medium_risk | O307: =IF(J308<503,"Poor",IF(J308<=550,"Fair",IF(J308<=750,"Good","Excellent"))) -> Excellent | P307: =IF(S307="","Missing","Submitted") -> Submitted | Q307: =IF(AND(M307>=300,M307<=900),"Valid","Invalid") -> Valid | R307: Home | S307: 1334545 | T307: 8.03 | U307: 12 | V307: 111212.08 | W307: =PMT(T307/12,U307,-S307) -> 894946.41 | X307: Gujarat | Y307: Ahmedabad | Z307: 45769 | AA307: =TEXT(Table2[[#This Row],[Application_Date]],"yyy") -> 2025 | AB307: =TEXT(Table2[[#This Row],[Application_Date]],"mmmm") -> April | AC307: Approved | AD307: No | AE307: North
A308: L100307 | B308: =IF(COUNTIF($A$2:A308,A308)>1,"Duplicate","Unique") -> Unique | C308: C200307 | D308: Amit Verma | E308: =IF(C308="","Missing","Submitted") -> Submitted | F308: Male | G308: 52 | H308: Married | I308: Non-Graduate | J308: Salaried | K308: 539395 | L308: =IF(K308="","Missing","Submitted") -> Submitted | M308: 871 | N308: =IF(M308<600,"High_risk",IF(M308>=750,"medium_risk","low_risk")) -> medium_risk | O308: =IF(J309<503,"Poor",IF(J309<=550,"Fair",IF(J309<=750,"Good","Excellent"))) -> Excellent | P308: =IF(S308="","Missing","Submitted") -> Submitted | Q308: =IF(AND(M308>=300,M308<=900),"Valid","Invalid") -> Valid | R308: Education | S308: 4787807 | T308: 15.92 | U308: 60 | V308: 79796.78 | W308: =PMT(T308/12,U308,-S308) -> 6351824 | X308: Tamil Nadu | Y308: Chennai | Z308: 45770 | AA308: =TEXT(Table2[[#This Row],[Application_Date]],"yyy") -> 2025 | AB308: =TEXT(Table2[[#This Row],[Application_Date]],"mmmm") -> April | AC308: Approved | AD308: No | AE308: East
A309: L100308 | B309: =IF(COUNTIF($A$2:A309,A309)>1,"Duplicate","Unique") -> Unique | C309: C200308 | D309: Rohit Verma | E309: =IF(C309="","Missing","Submitted") -> Submitted | F309: Male | G309: 63 | H309: Single | I309: Graduate | J309: Salaried | K309: 1436615 | L309: =IF(K309="","Missing","Submitted") -> Submitted | M309: 789 | N309: =IF(M309<600,"High_risk",IF(M309>=750,"medium_risk","low_risk")) -> medium_risk | O309: =IF(J310<503,"Poor",IF(J310<=550,"Fair",IF(J310<=750,"Good","Excellent"))) -> Excellent | P309: =IF(S309="","Missing","Submitted") -> Submitted | Q309: =IF(AND(M309>=300,M309<=900),"Valid","Invalid") -> Valid | R309: Car | S309: 2806172 | T309: 18.83 | U309: 180 | V309: 15589.84 | W309: =PMT(T309/12,U309,-S309) -> 4403351.6 | X309: Tamil Nadu | Y309: Chennai | Z309: 45771 | AA309: =TEXT(Table2[[#This Row],[Application_Date]],"yyy") -> 2025 | AB309: =TEXT(Table2[[#This Row],[Application_Date]],"mmmm") -> April | AC309: Approved | AD309: Yes | AE309: West
A310: L100309 | B310: =IF(COUNTIF($A$2:A310,A310)>1,"Duplicate","Unique") -> Unique | C310: C200309 | D310: Rahul Sharma | E310: =IF(C310="","Missing","Submitted") -> Submitted | F310: Female | G310: 29 | H310: Married | I310: Graduate | J310: Self-Employed | K310: 328281 | L310: =IF(K310="","Missing","Submitted") -> Submitted | M310: 841 | N310: =IF(M310<600,"High_risk",IF(M310>=750,"medium_risk","low_risk")) -> medium_risk | O310: =IF(J311<503,"Poor",IF(J311<=550,"Fair",IF(J311<=750,"Good","Excellent"))) -> Excellent | P310: =IF(S310="","Missing","Submitted") -> Submitted | Q310: =IF(AND(M310>=300,M310<=900),"Valid","Invalid") -> Valid | R310: Car | S310: 924256 | T310: 14.64 | U310: 24 | V310: 38510.67 | W310: =PMT(T310/12,U310,-S310) -> 1127592.3 | X310: Delhi | Y310: New Delhi | Z310: 45772 | AA310: =TEXT(Table2[[#This Row],[Application_Date]],"yyy") -> 2025 | AB310: =TEXT(Table2[[#This Row],[Application_Date]],"mmmm") -> April | AC310: Approved | AD310: No | AE310: North
A311: L100310 | B311: =IF(COUNTIF($A$2:A311,A311)>1,"Duplicate","Unique") -> Unique | C311: C200310 | D311: Anjali Singh | E311: =IF(C311="","Missing","Submitted") -> Submitted | F311: Female | G311: 46 | H311: Single | I311: Non-Graduate | J311: Business | K311: 2445086 | L311: =IF(K311="","Missing","Submitted") -> Submitted | M311: 572 | N311: =IF(M311<600,"High_risk",IF(M311>=750,"medium_risk","low_risk")) -> High_risk | O311: =IF(J312<503,"Poor",IF(J312<=550,"Fair",IF(J312<=750,"Good","Excellent"))) -> Excellent | P311: =IF(S311="","Missing","Submitted") -> Submitted | Q311: =IF(AND(M311>=300,M311<=900),"Valid","Invalid") -> Valid | R311: Home | S311: 929227 | T311: 14.04 | U311: 24 | V311: 38717.79 | W311: =PMT(T311/12,U311,-S311) -> 1087195.6 | X311: Tamil Nadu | Y311: Chennai | Z311: 45773 | AA311: =TEXT(Table2[[#This Row],[Application_Date]],"yyy") -> 2025 | AB311: =TEXT(Table2[[#This Row],[Application_Date]],"mmmm") -> April | AC311: Approved | AD311: Yes | AE311: North
A312: L100311 | B312: =IF(COUNTIF($A$2:A312,A312)>1,"Duplicate","Unique") -> Unique | C312: C200311 | D312: Priya Mehta | E312: =IF(C312="","Missing","Submitted") -> Submitted | F312: Female | G312: 49 | H312: Married | I312: Non-Graduate | J312: Government | K312: 2190635 | L312: =IF(K312="","Missing","Submitted") -> Submitted | M312: 632 | N312: =IF(M312<600,"High_risk",IF(M312>=750,"medium_risk","low_risk")) -> low_risk | O312: =IF(J313<503,"Poor",IF(J313<=550,"Fair",IF(J313<=750,"Good","Excellent"))) -> Excellent | P312: =IF(S312="","Missing","Submitted") -> Submitted | Q312: =IF(AND(M312>=300,M312<=900),"Valid","Invalid") -> Valid | R312: Education | S312: 0 | T312: 14.08 | U312: 36 | V312: 6944.44 | W312: =PMT(T312/12,U312,-S312) -> 0 | X312: UP | Y312: Lucknow | Z312: 45774 | AA312: =TEXT(Table2[[#This Row],[Application_Date]],"yyy") -> 2025 | AB312: =TEXT(Table2[[#This Row],[Application_Date]],"mmmm") -> April | AC312: Rejected | AD312: Yes | AE312: East
A313: L100312 | B313: =IF(COUNTIF($A$2:A313,A313)>1,"Duplicate","Unique") -> Unique | C313: C200312 | D313: Sneha Verma | E313: =IF(C313="","Missing","Submitted") -> Submitted | F313: Female | G313: 46 | H313: Single | I313: Non-Graduate | J313: Business | K313: 2455583 | L313: =IF(K313="","Missing","Submitted") -> Submitted | M313: 370 | N313: =IF(M313<600,"High_risk",IF(M313>=750,"medium_risk","low_risk")) -> High_risk | O313: =IF(J314<503,"Poor",IF(J314<=550,"Fair",IF(J314<=750,"Good","Excellent"))) -> Excellent | P313: =IF(S313="","Missing","Submitted") -> Submitted | Q313: =IF(AND(M313>=300,M313<=900),"Valid","Invalid") -> Valid | R313: Car | S313: 90110 | T313: 15.33 | U313: 36 | V313: 2503.06 | W313: =PMT(T313/12,U313,-S313) -> 115115.53 | X313: Rajasthan | Y313: Jaipur | Z313: 45775 | AA313: =TEXT(Table2[[#This Row],[Application_Date]],"yyy") -> 2025 | AB313: =TEXT(Table2[[#This Row],[Application_Date]],"mmmm") -> April | AC313: Rejected | AD313: No | AE313: East
... A381: L100380 | B381: =IF(COUNTIF($A$2:A381,A381)>1,"Duplicate","Unique") -> Unique | C381: C200380 | D381: Sneha Rao | E381: =IF(C381="","Missing","Submitted") -> Submitted | F381: Female | G381: 45 | H381: Single | I381: Non-Graduate | J381: Self-Employed | K381: 2054622 | L381: =IF(K381="","Missing","Submitted") -> Submitted | M381: 544 | N381: =IF(M381<600,"High_risk",IF(M381>=750,"medium_risk","low_risk")) -> High_risk | O381: =IF(J382<503,"Poor",IF(J382<=550,"Fair",IF(J382<=750,"Good","Excellent"))) -> Excellent | P381: =IF(S381="","Missing","Submitted") -> Submitted | Q381: =IF(AND(M381>=300,M381<=900),"Valid","Invalid") -> Valid | R381: Personal | S381: 4238246 | T381: 16.02 | U381: 180 | V381: 23545.81 | W381: =PMT(T381/12,U381,-S381) -> 5658058.4 | X381: Karnataka | Y381: Bengaluru | Z381: 45843 | AA381: =TEXT(Table2[[#This Row],[Application_Date]],"yyy") -> 2025 | AB381: =TEXT(Table2[[#This Row],[Application_Date]],"mmmm") -> July | AC381: Pending | AD381: Yes | AE381: East
A382: L100381 | B382: =IF(COUNTIF($A$2:A382,A382)>1,"Duplicate","Unique") -> Unique | C382: C200381 | D382: 0 | E382: =IF(C382="","Missing","Submitted") -> Submitted | F382: Female | G382: 62 | H382: Married | I382: Non-Graduate | J382: Salaried | K382: 1837258 | L382: =IF(K382="","Missing","Submitted") -> Submitted | M382: 825 | N382: =IF(M382<600,"High_risk",IF(M382>=750,"medium_risk","low_risk")) -> medium_risk | O382: =IF(J383<503,"Poor",IF(J383<=550,"Fair",IF(J383<=750,"Good","Excellent"))) -> Excellent | P382: =IF(S382="","Missing","Submitted") -> Submitted | Q382: =IF(AND(M382>=300,M382<=900),"Valid","Invalid") -> Valid | R382: Home | S382: 2783473 | T382: 13.93 | U382: 120 | V382: 23195.61 | W382: =PMT(T382/12,U382,-S382) -> 3231148.2 | X382: UP | Y382: Lucknow | Z382: 45844 | AA382: =TEXT(Table2[[#This Row],[Application_Date]],"yyy") -> 2025 | AB382: =TEXT(Table2[[#This Row],[Application_Date]],"mmmm") -> July | AC382: Rejected | AD382: No | AE382: East
A383: L100382 | B383: =IF(COUNTIF($A$2:A383,A383)>1,"Duplicate","Unique") -> Unique | C383: C200382 | D383: Neha Sharma | E383: =IF(C383="","Missing","Submitted") -> Submitted | F383: Female | G383: 26 | H383: Single | I383: Graduate | J383: Government | K383: 328323 | L383: =IF(K383="","Missing","Submitted") -> Submitted | M383: 704 | N383: =IF(M383<600,"High_risk",IF(M383>=750,"medium_risk","low_risk")) -> low_risk | O383: =IF(J384<503,"Poor",IF(J384<=550,"Fair",IF(J384<=750,"Good","Excellent"))) -> Excellent | P383: =IF(S383="","Missing","Submitted") -> Submitted | Q383: =IF(AND(M383>=300,M383<=900),"Valid","Invalid") -> Valid | R383: Home | S383: 2593907 | T383: 10.2 | U383: 12 | V383: 216158.92 | W383: =PMT(T383/12,U383,-S383) -> 2206193.7 | X383: Maharashtra | Y383: Mumbai | Z383: 45845 | AA383: =TEXT(Table2[[#This Row],[Application_Date]],"yyy") -> 2025 | AB383: =TEXT(Table2[[#This Row],[Application_Date]],"mmmm") -> July | AC383: Approved | AD383: No | AE383: West
A384: L100383 | B384: =IF(COUNTIF($A$2:A384,A384)>1,"Duplicate","Unique") -> Unique | C384: C200383 | D384: Vikas Singh | E384: =IF(C384="","Missing","Submitted") -> Submitted | F384: Female | G384: 48 | H384: Single | I384: Graduate | J384: Government | K384: 1558148 | L384: =IF(K384="","Missing","Submitted") -> Submitted | M384: 586 | N384: =IF(M384<600,"High_risk",IF(M384>=750,"medium_risk","low_risk")) -> High_risk | O384: =IF(J385<503,"Poor",IF(J385<=550,"Fair",IF(J385<=750,"Good","Excellent"))) -> Excellent | P384: =IF(S384="","Missing","Submitted") -> Submitted | Q384: =IF(AND(M384>=300,M384<=900),"Valid","Invalid") -> Valid | R384: Car | S384: 819312 | T384: 14.61 | U384: 60 | V384: 13655.2 | W384: =PMT(T384/12,U384,-S384) -> 997512.36 | X384: Delhi | Y384: New Delhi | Z384: 45846 | AA384: =TEXT(Table2[[#This Row],[Application_Date]],"yyy") -> 2025 | AB384: =TEXT(Table2[[#This Row],[Application_Date]],"mmmm") -> July | AC384: Pending | AD384: No | AE384: West
...

Sheet pivot table3
A1: Row Labels | B1: Count of Loan_ID | D1: Row Labels | E1: Sum of Credit_Score | G1: Row Labels | H1: Sum of Credit_Score | L1: Credit Score vs Loan Status (Clustered Column)
A2: High_risk | B2: 497 | D2: Rejected | E2: 628537 | G2: Business | H2: 183671 | L2: Default Status Distribution (Pie/Doughnut)
A3: low_risk | B3: 264 | D3: Grand Total | E3: 628537 | G3: Self-Employed | H3: 160763 | L3: Interest Rate by Loan Type (Bar Chart)
A4: medium_risk | B4: 277 | G4: Government | H4: 146233 | L4: Employment Type vs Credit Score (Column Chart)
A5: Grand Total | B5: 1038 | G5: Salaried | H5: 137870 | L5: Branch-wise Average Credit Score
G6: Grand Total | H6: 628537
G8: Row Labels | H8: Average of Credit_Score
A9: Row Labels | B9: Count of Loan_ID | D9: Row Labels | E9: Count of Loan_ID | G9: East | H9: 612.59353
A10: Invalid | B10: 23 | D10: No | E10: 509 | G10: North | H10: 609.57143
A11: Valid | B11: 1015 | D11: Yes | E11: 529 | G11: South | H11: 585.55212
A12: Grand Total | B12: 1038 | D12: Grand Total | E12: 1038 | G12: West | H12: 614.32129
G13: Grand Total | H13: 605.52697
D14: Row Labels | E14: Sum of Interest_Rate
D15: Business | E15: 3910.09
D16: Self-Employed | E16: 3478.68
D17: Government | E17: 3164.89
D18: Salaried | E18: 2919.19
D19: Grand Total | E19: 13472.85

Sheet KPI3
A1: Average of Credit_Score | B1: Total | E1: Count of Valid&invalid credit score | L1: 📊 Average Credit Score
A2: Total | B2: 605.52697 | E2: Valid&invalid credit score | F2: Total | L2: ⚠️ High Risk Customers
B3: =GETPIVOTDATA("Credit_Score",$A$1) -> 605.52697 | E3: Invalid | F3: 23 | L3: ✅ Low Risk Customers
E4: Valid | F4: 1015 | L4: ❌ Invalid Credit Scores
E5: Grand Total | F5: 1038 | L5: 💰 Average Interest Rate
A6: Count of Risk_level | E6: Invalid | F6: =GETPIVOTDATA("Valid&invalid credit score",$E$1,"Valid&invalid credit score","Invalid")/GETPIVOTDATA("Valid&invalid credit score",$E$1) -> 0.022157996 | L6: 🚫 Default Customers
A7: Risk_level | B7: Total
A8: High_risk | B8: 497 | E8: Average of Interest_Rate | F8: Total
A9: low_risk | B9: 264 | E9: Total | F9: 12.979624
A10: medium_risk | B10: 277 | F10: =GETPIVOTDATA("Interest_Rate",$E$8) -> 12.979624
A11: Grand Total | B11: 1038
A12: High_risk | B12: =GETPIVOTDATA("Risk_level",$A$6,"Risk_level","High_Risk")/GETPIVOTDATA("Risk_level",$A$6) -> 0.47880539 | E12: Count of Default_Status
A13: low_risk | B13: =GETPIVOTDATA("Risk_level",$A$6,"Risk_level","low_Risk")/GETPIVOTDATA("Risk_level",$A$6) -> 0.25433526 | E13: Default_Status | F13: Total
E14: No | F14: 509
E15: Yes | F15: 529
E16: Grand Total | F16: 1038 | G16: =GETPIVOTDATA("Default_Status",$E$12) -> 1038
A17: formula:-
A18: GETPIVOTDATA("Valid&invalid credit score",$A$10,"Valid&invalid credit score","valid")/GETPIVOTDATA("Valid&invalid credit score",$A$10)

Sheet Credit Risk & Data Quality

Sheet Bank Loan Analysis Project Summ
G2: Bank Loan Analysis Project Summary
G5: Dashboard | H5: Objective | I5: KPIs | J5: Charts | K5: Slicers | L5: Key Business Insights
G6: Dashboard 1: Loan Performance | H6: Monitor overall loan performance and approval trends. | I6: Total Loan Applications, Total Loan Amount, Approval Rate, Rejection Rate, Average Loan Amount, Average Interest Rate | J6: Loan Status Distribution, Loan Type Distribution, State-wise Loan Amount, Monthly Loan Applications, Branch-wise Loan Amount | K6: State, Branch, Loan Type, Loan Status | L6: Identified top-performing states, most popular loan types, and approval trends across branches.
G7: Dashboard 2: Customer Insights | H7: Analyze customer demographics and borrowing behavior. | I7: Total Customers, Average Age, Average Income, Graduate %, Married %, Average Credit Score | J7: Gender Distribution, Education Distribution, Employment Type, Marital Status, Age Group Distribution, Income Group Distribution | K7: State, Gender, Education, Employment Type | L7: Identified major customer segments, education trends, income distribution, and employment patterns.
G8: Dashboard 3: Credit Risk & Analysis | H8: Evaluate customer credit quality and loan risk. | I8: Average Credit Score, High Risk Customers, Low Risk Customers, Default Customers, Average Interest Rate, Pending Applications | J8: Credit Score Distribution, Credit Score vs Loan Status, Default Status Distribution, Interest Rate by Loan Type, Branch-wise Credit Score, Employment Type vs Credit Score | K8: State, Branch, Employment Type, Loan Status | L8: Identified high-risk customers, default trends, branch performance, and credit score distribution to support better lending decisions.
H13: Data Cleaning Summary
H15: Issue Found | I15: Action Taken
H16: Missing Values | I16: Filled or removed invalid records where appropriate.
H17: Duplicate Records | I17: Removed duplicate Loan_ID entries.
H18: Extra Spaces | I18: Trimmed leading and trailing spaces.
H19: Inconsistent Text | I19: Standardized values such as "Approved", "Rejected", and "Pending".
H20: Invalid Credit Scores | I20: Corrected or removed scores outside the valid range (300–900).
H21: Inconsistent Date Formats | I21: Converted dates to a consistent format.
H22: Data Validation | I22: Verified numeric fields and categorical values for consistency.
H24: Project Overview
H26: Item | I26: Details
H27: Project Name | I27: Bank Loan Analysis Dashboard
H28: Dataset Size | I28: 5,000 Records
H29: Tool Used | I29: Microsoft Excel
H30: Features | I30: Pivot Tables, Pivot Charts, Slicers, KPI Cards, Conditional Formatting
H31: Dashboards | I31: 3 Interactive Dashboards
H32: Data Cleaning | I32: Performed before analysis
H33: Purpose | I33: Analyze loan performance, customer behavior, and credit risk to support business decision-making.
